Time,CPU Freq,CPU Usage,Free Mem (Bytes),Total Mem (Bytes),Used Mem (Bytes)
Sun Mar 15 13:02:28 GMT 2015,26000,0.0,291241984,8589934592,8298692608
Sun Mar 15 13:02:30 GMT 2015,26000,37.189056,194985984,8589934592,8394948608
Sun Mar 15 13:02:32 GMT 2015,26000,8.198756,238419968,8589934592,8351514624
Sun Mar 15 13:02:34 GMT 2015,26000,17.12159,218169344,8589934592,8371765248
Sun Mar 15 13:02:36 GMT 2015,26000,11.194033,221265920,8589934592,8368668672
Sun Mar 15 13:02:38 GMT 2015,26000,5.590063,220168192,8589934592,8369766400
Sun Mar 15 13:02:40 GMT 2015,26000,4.4776144,223633408,8589934592,8366301184
Sun Mar 15 13:02:42 GMT 2015,26000,6.2111797,225509376,8589934592,8364425216
Sun Mar 15 13:02:44 GMT 2015,26000,6.600249,225980416,8589934592,8363954176
Sun Mar 15 13:02:46 GMT 2015,26000,75.995026,171134976,8589934592,8418799616
Sun Mar 15 13:02:48 GMT 2015,26000,34.53865,155115520,8589934592,8434819072
Sun Mar 15 13:02:50 GMT 2015,26000,8.322984,158875648,8589934592,8431058944
Sun Mar 15 13:02:52 GMT 2015,26000,3.6114573,159019008,8589934592,8430915584
Sun Mar 15 13:02:54 GMT 2015,26000,6.7080736,159391744,8589934592,8430542848
Sun Mar 15 13:02:56 GMT 2015,26000,8.343708,157962240,8589934592,8431972352
Sun Mar 15 13:02:58 GMT 2015,26000,8.188587,156733440,8589934592,8433201152
Sun Mar 15 13:03:00 GMT 2015,26000,14.800996,157077504,8589934592,8432857088
Sun Mar 15 13:03:02 GMT 2015,26000,16.52174,154124288,8589934592,8435810304
Sun Mar 15 13:03:04 GMT 2015,26000,10.572142,156082176,8589934592,8433852416
Sun Mar 15 13:03:06 GMT 2015,26000,14.445829,154382336,8589934592,8435552256
Sun Mar 15 13:03:08 GMT 2015,26000,12.546581,153927680,8589934592,8436006912
Sun Mar 15 13:03:10 GMT 2015,26000,8.343708,153882624,8589934592,8436051968
Sun Mar 15 13:03:12 GMT 2015,26000,4.838711,154243072,8589934592,8435691520
Sun Mar 15 13:03:14 GMT 2015,26000,3.7313461,154746880,8589934592,8435187712
Sun Mar 15 13:03:16 GMT 2015,26000,5.707198,154939392,8589934592,8434995200
Sun Mar 15 13:03:18 GMT 2015,26000,10.559005,154324992,8589934592,8435609600
Sun Mar 15 13:03:20 GMT 2015,26000,9.838104,153698304,8589934592,8436236288
Sun Mar 15 13:03:22 GMT 2015,26000,10.958904,153047040,8589934592,8436887552
Sun Mar 15 13:03:24 GMT 2015,26000,7.2229147,152682496,8589934592,8437252096
Sun Mar 15 13:03:26 GMT 2015,26000,7.6923075,152936448,8589934592,8436998144
Sun Mar 15 13:03:28 GMT 2015,26000,10.834372,153657344,8589934592,8436277248
Sun Mar 15 13:03:30 GMT 2015,26000,6.2111797,155471872,8589934592,8434462720
Sun Mar 15 13:03:32 GMT 2015,26000,3.7406504,154746880,8589934592,8435187712
Sun Mar 15 13:03:34 GMT 2015,26000,6.4676642,154116096,8589934592,8435818496
Sun Mar 15 13:03:36 GMT 2015,26000,14.534163,156418048,8589934592,8433516544
Sun Mar 15 13:03:38 GMT 2015,26000,7.82609,155742208,8589934592,8434192384
Sun Mar 15 13:03:40 GMT 2015,26000,4.7146378,157151232,8589934592,8432783360
Sun Mar 15 13:03:42 GMT 2015,26000,6.9651723,164941824,8589934592,8424992768
Sun Mar 15 13:03:44 GMT 2015,26000,22.29141,157057024,8589934592,8432877568
Sun Mar 15 13:03:46 GMT 2015,26000,9.925556,157384704,8589934592,8432549888
Sun Mar 15 13:03:48 GMT 2015,26000,7.5776396,157650944,8589934592,8432283648
Sun Mar 15 13:03:50 GMT 2015,26000,11.801243,149741568,8589934592,8440193024
Sun Mar 15 13:03:52 GMT 2015,26000,6.2034726,150364160,8589934592,8439570432
Sun Mar 15 13:03:54 GMT 2015,26000,4.844719,152170496,8589934592,8437764096
Sun Mar 15 13:03:56 GMT 2015,26000,5.3349853,151420928,8589934592,8438513664
Sun Mar 15 13:03:58 GMT 2015,26000,4.488778,151658496,8589934592,8438276096
Sun Mar 15 13:04:00 GMT 2015,26000,4.466504,150945792,8589934592,8438988800
Sun Mar 15 13:04:02 GMT 2015,26000,4.5962753,151408640,8589934592,8438525952
Sun Mar 15 13:04:04 GMT 2015,26000,4.4776144,151801856,8589934592,8438132736
Sun Mar 15 13:04:06 GMT 2015,26000,5.093169,151961600,8589934592,8437972992
Sun Mar 15 13:04:08 GMT 2015,26000,7.196027,151433216,8589934592,8438501376
Sun Mar 15 13:04:10 GMT 2015,26000,4.856789,151302144,8589934592,8438632448
Sun Mar 15 13:04:12 GMT 2015,26000,5.962735,152391680,8589934592,8437542912
Sun Mar 15 13:04:14 GMT 2015,26000,3.2338321,152592384,8589934592,8437342208
Sun Mar 15 13:04:16 GMT 2015,26000,4.573548,152723456,8589934592,8437211136
Sun Mar 15 13:04:18 GMT 2015,26000,3.4869254,153030656,8589934592,8436903936
Sun Mar 15 13:04:20 GMT 2015,26000,4.6134653,152137728,8589934592,8437796864
Sun Mar 15 13:04:22 GMT 2015,26000,3.4825861,152244224,8589934592,8437690368
Sun Mar 15 13:04:24 GMT 2015,26000,4.207921,152821760,8589934592,8437112832
Sun Mar 15 13:04:26 GMT 2015,26000,4.726368,152092672,8589934592,8437841920
Sun Mar 15 13:04:28 GMT 2015,26000,4.1095915,151269376,8589934592,8438665216
Sun Mar 15 13:04:30 GMT 2015,26000,4.364091,150446080,8589934592,8439488512
Sun Mar 15 13:04:32 GMT 2015,26000,4.0942907,149618688,8589934592,8440315904
Sun Mar 15 13:04:34 GMT 2015,26000,3.6069632,150134784,8589934592,8439799808
Sun Mar 15 13:04:36 GMT 2015,26000,4.1095915,150298624,8589934592,8439635968
Sun Mar 15 13:04:38 GMT 2015,26000,3.6069632,149508096,8589934592,8440426496
Sun Mar 15 13:04:40 GMT 2015,26000,4.4609666,148819968,8589934592,8441114624
Sun Mar 15 13:04:42 GMT 2015,26000,5.3416133,148635648,8589934592,8441298944
Sun Mar 15 13:04:44 GMT 2015,26000,6.3354015,149327872,8589934592,8440606720
Sun Mar 15 13:04:46 GMT 2015,26000,7.5776396,149655552,8589934592,8440279040
Sun Mar 15 13:04:48 GMT 2015,26000,7.3383093,148111360,8589934592,8441823232
Sun Mar 15 13:04:50 GMT 2015,26000,12.234706,147394560,8589934592,8442540032
Sun Mar 15 13:04:52 GMT 2015,26000,12.313432,145440768,8589934592,8444493824
Sun Mar 15 13:04:54 GMT 2015,26000,12.779159,147136512,8589934592,8442798080
Sun Mar 15 13:04:56 GMT 2015,26000,27.826088,146489344,8589934592,8443445248
Sun Mar 15 13:04:59 GMT 2015,26000,8.364546,140075008,8589934592,8449859584
Sun Mar 15 13:05:01 GMT 2015,26000,12.655086,141082624,8589934592,8448851968
Sun Mar 15 13:05:03 GMT 2015,26000,17.12159,139681792,8589934592,8450252800
Sun Mar 15 13:05:05 GMT 2015,26000,14.516127,139911168,8589934592,8450023424
Sun Mar 15 13:05:07 GMT 2015,26000,12.656641,140578816,8589934592,8449355776
Sun Mar 15 13:05:09 GMT 2015,26000,15.920401,142331904,8589934592,8447602688
Sun Mar 15 13:05:11 GMT 2015,26000,6.2189045,141594624,8589934592,8448339968
Sun Mar 15 13:05:13 GMT 2015,26000,11.757427,141123584,8589934592,8448811008
Sun Mar 15 13:05:15 GMT 2015,26000,6.956524,140681216,8589934592,8449253376
Sun Mar 15 13:05:17 GMT 2015,26000,10.211706,140820480,8589934592,8449114112
Sun Mar 15 13:05:19 GMT 2015,26000,15.756822,143671296,8589934592,8446263296
Sun Mar 15 13:05:21 GMT 2015,26000,15.566624,142290944,8589934592,8447643648
Sun Mar 15 13:05:23 GMT 2015,26000,12.531018,143159296,8589934592,8446775296
Sun Mar 15 13:05:25 GMT 2015,26000,14.606744,141127680,8589934592,8448806912
Sun Mar 15 13:05:27 GMT 2015,26000,9.541512,141660160,8589934592,8448274432
Sun Mar 15 13:05:29 GMT 2015,26000,4.358655,139972608,8589934592,8449961984
Sun Mar 15 13:05:31 GMT 2015,26000,5.583125,140251136,8589934592,8449683456
Sun Mar 15 13:05:33 GMT 2015,26000,4.844719,139804672,8589934592,8450129920
Sun Mar 15 13:05:35 GMT 2015,26000,5.6249976,141500416,8589934592,8448434176
Sun Mar 15 13:05:37 GMT 2015,26000,6.0718718,138727424,8589934592,8451207168
Sun Mar 15 13:05:39 GMT 2015,26000,5.97015,138915840,8589934592,8451018752
Sun Mar 15 13:05:41 GMT 2015,26000,6.956524,139202560,8589934592,8450732032
Sun Mar 15 13:05:43 GMT 2015,26000,4.347825,139448320,8589934592,8450486272
Sun Mar 15 13:05:45 GMT 2015,26000,4.601991,138711040,8589934592,8451223552
Sun Mar 15 13:05:47 GMT 2015,26000,5.217391,139022336,8589934592,8450912256
Sun Mar 15 13:05:49 GMT 2015,26000,6.3275456,138240000,8589934592,8451694592
Sun Mar 15 13:05:51 GMT 2015,26000,6.7080736,138625024,8589934592,8451309568
Sun Mar 15 13:05:53 GMT 2015,26000,4.472047,138780672,8589934592,8451153920
Sun Mar 15 13:05:55 GMT 2015,26000,6.82382,137019392,8589934592,8452915200
Sun Mar 15 13:05:57 GMT 2015,26000,9.7135725,137404416,8589934592,8452530176
Sun Mar 15 13:05:59 GMT 2015,26000,9.305209,137744384,8589934592,8452190208
Sun Mar 15 13:06:01 GMT 2015,26000,19.751554,139358208,8589934592,8450576384
Sun Mar 15 13:06:03 GMT 2015,26000,10.199004,140029952,8589934592,8449904640
Sun Mar 15 13:06:05 GMT 2015,26000,4.2236032,140398592,8589934592,8449536000
Sun Mar 15 13:06:07 GMT 2015,26000,5.7001233,139534336,8589934592,8450400256
Sun Mar 15 13:06:09 GMT 2015,26000,4.374999,139972608,8589934592,8449961984
Sun Mar 15 13:06:11 GMT 2015,26000,9.316772,135532544,8589934592,8454402048
Sun Mar 15 13:06:13 GMT 2015,26000,15.384615,135000064,8589934592,8454934528
Sun Mar 15 13:06:15 GMT 2015,26000,16.397518,134275072,8589934592,8455659520
Sun Mar 15 13:06:17 GMT 2015,26000,15.67164,130273280,8589934592,8459661312
Sun Mar 15 13:06:19 GMT 2015,26000,29.975122,131301376,8589934592,8458633216
Sun Mar 15 13:06:21 GMT 2015,26000,11.414391,130351104,8589934592,8459583488
Sun Mar 15 13:06:23 GMT 2015,26000,12.204236,129175552,8589934592,8460759040
Sun Mar 15 13:06:25 GMT 2015,26000,8.322984,129560576,8589934592,8460374016
Sun Mar 15 13:06:27 GMT 2015,26000,11.925465,147578880,8589934592,8442355712
Sun Mar 15 13:06:29 GMT 2015,26000,11.9403,145596416,8589934592,8444338176
Sun Mar 15 13:06:31 GMT 2015,26000,13.6645975,144240640,8589934592,8445693952
Sun Mar 15 13:06:33 GMT 2015,26000,7.7210484,144875520,8589934592,8445059072
Sun Mar 15 13:06:35 GMT 2015,26000,17.676146,143724544,8589934592,8446210048
Sun Mar 15 13:06:37 GMT 2015,26000,16.997517,143147008,8589934592,8446787584
Sun Mar 15 13:06:39 GMT 2015,26000,7.18711,142675968,8589934592,8447258624
Sun Mar 15 13:06:41 GMT 2015,26000,4.6077194,144277504,8589934592,8445657088
Sun Mar 15 13:06:43 GMT 2015,26000,6.2034726,144588800,8589934592,8445345792
Sun Mar 15 13:06:45 GMT 2015,26000,4.601991,144908288,8589934592,8445026304
Sun Mar 15 13:06:47 GMT 2015,26000,5.093169,144003072,8589934592,8445931520
Sun Mar 15 13:06:49 GMT 2015,26000,4.844719,144367616,8589934592,8445566976
Sun Mar 15 13:06:51 GMT 2015,26000,5.4590583,142671872,8589934592,8447262720
Sun Mar 15 13:06:53 GMT 2015,26000,18.159204,133373952,8589934592,8456560640
Sun Mar 15 13:06:55 GMT 2015,26000,19.875776,134922240,8589934592,8455012352
Sun Mar 15 13:06:57 GMT 2015,26000,20.29888,134463488,8589934592,8455471104
Sun Mar 15 13:06:59 GMT 2015,26000,9.553349,135565312,8589934592,8454369280
Sun Mar 15 13:07:01 GMT 2015,26000,12.8109455,132771840,8589934592,8457162752
Sun Mar 15 13:07:03 GMT 2015,26000,7.855362,134733824,8589934592,8455200768
Sun Mar 15 13:07:05 GMT 2015,26000,13.043481,133955584,8589934592,8455979008
Sun Mar 15 13:07:07 GMT 2015,26000,5.97015,134279168,8589934592,8455655424
Sun Mar 15 13:07:09 GMT 2015,26000,8.706469,134586368,8589934592,8455348224
Sun Mar 15 13:07:11 GMT 2015,26000,9.565216,135053312,8589934592,8454881280
Sun Mar 15 13:07:13 GMT 2015,26000,9.079599,134352896,8589934592,8455581696
Sun Mar 15 13:07:15 GMT 2015,26000,11.538464,133783552,8589934592,8456151040
Sun Mar 15 13:07:17 GMT 2015,26000,10.186333,133120000,8589934592,8456814592
Sun Mar 15 13:07:19 GMT 2015,26000,11.442786,133746688,8589934592,8456187904
Sun Mar 15 13:07:21 GMT 2015,26000,13.913041,132014080,8589934592,8457920512
Sun Mar 15 13:07:23 GMT 2015,26000,23.880594,131178496,8589934592,8458756096
Sun Mar 15 13:07:25 GMT 2015,26000,7.835823,130449408,8589934592,8459485184
Sun Mar 15 13:07:27 GMT 2015,26000,9.7135725,129908736,8589934592,8460025856
Sun Mar 15 13:07:29 GMT 2015,26000,11.194033,129581056,8589934592,8460353536
Sun Mar 15 13:07:31 GMT 2015,26000,5.962735,129908736,8589934592,8460025856
Sun Mar 15 13:07:33 GMT 2015,26000,13.043481,128622592,8589934592,8461312000
Sun Mar 15 13:07:35 GMT 2015,26000,4.466504,128950272,8589934592,8460984320
Sun Mar 15 13:07:37 GMT 2015,26000,5.8385077,129142784,8589934592,8460791808
Sun Mar 15 13:07:39 GMT 2015,26000,6.7164183,129523712,8589934592,8460410880
Sun Mar 15 13:07:41 GMT 2015,26000,11.194033,126656512,8589934592,8463278080
Sun Mar 15 13:07:43 GMT 2015,26000,11.111111,78639104,8589934592,8511295488
Sun Mar 15 13:07:45 GMT 2015,26000,4.820764,76914688,8589934592,8513019904
Sun Mar 15 13:07:47 GMT 2015,26000,5.074257,82804736,8589934592,8507129856
Sun Mar 15 13:07:50 GMT 2015,26000,3.4739435,82116608,8589934592,8507817984
Sun Mar 15 13:07:52 GMT 2015,26000,4.089218,83537920,8589934592,8506396672
Sun Mar 15 13:07:54 GMT 2015,26000,3.9702237,84889600,8589934592,8505044992
Sun Mar 15 13:07:56 GMT 2015,26000,4.089218,84074496,8589934592,8505860096
Sun Mar 15 13:07:58 GMT 2015,26000,4.7146378,82964480,8589934592,8506970112
Sun Mar 15 13:08:00 GMT 2015,26000,10.186333,653459456,8589934592,7936475136
Sun Mar 15 13:08:02 GMT 2015,26000,16.109043,652926976,8589934592,7937007616
Sun Mar 15 14:01:53 GMT 2015,26000,50.60129,592318464,8589934592,7997616128
Sun Mar 15 14:01:55 GMT 2015,26000,14.856428,566587392,8589934592,8023347200
Sun Mar 15 14:01:57 GMT 2015,26000,22.91407,157044736,8589934592,8432889856
Sun Mar 15 14:01:59 GMT 2015,26000,15.1930275,158760960,8589934592,8431173632
Sun Mar 15 14:02:01 GMT 2015,26000,23.910337,143155200,8589934592,8446779392
Sun Mar 15 14:02:03 GMT 2015,26000,23.048328,140472320,8589934592,8449462272
Sun Mar 15 14:02:05 GMT 2015,26000,11.097259,140455936,8589934592,8449478656
Sun Mar 15 14:02:07 GMT 2015,26000,10.074627,139005952,8589934592,8450928640
Sun Mar 15 14:02:09 GMT 2015,26000,9.417593,138207232,8589934592,8451727360
Sun Mar 15 14:02:11 GMT 2015,26000,9.553349,136585216,8589934592,8453349376
Sun Mar 15 14:02:13 GMT 2015,26000,10.2372055,132284416,8589934592,8457650176
Sun Mar 15 14:02:15 GMT 2015,26000,8.064514,131887104,8589934592,8458047488
Sun Mar 15 14:02:17 GMT 2015,26000,10.31056,124424192,8589934592,8465510400
Sun Mar 15 14:02:19 GMT 2015,26000,9.057075,119746560,8589934592,8470188032
Sun Mar 15 14:02:21 GMT 2015,26000,6.351185,121729024,8589934592,8468205568
Sun Mar 15 14:02:23 GMT 2015,26000,28.660048,132374528,8589934592,8457560064
Sun Mar 15 14:02:25 GMT 2015,26000,15.068495,132026368,8589934592,8457908224
Sun Mar 15 14:02:27 GMT 2015,26000,10.186333,131604480,8589934592,8458330112
Sun Mar 15 14:02:30 GMT 2015,26000,18.509315,126402560,8589934592,8463532032
Sun Mar 15 14:02:32 GMT 2015,26000,13.167704,126488576,8589934592,8463446016
Sun Mar 15 14:02:34 GMT 2015,26000,7.213932,126119936,8589934592,8463814656
Sun Mar 15 14:02:36 GMT 2015,26000,18.012423,128249856,8589934592,8461684736
Sun Mar 15 14:02:38 GMT 2015,26000,10.683232,127287296,8589934592,8462647296
Sun Mar 15 14:02:40 GMT 2015,26000,11.801243,127070208,8589934592,8462864384
Sun Mar 15 14:02:42 GMT 2015,26000,14.713216,126767104,8589934592,8463167488
Sun Mar 15 14:02:44 GMT 2015,26000,16.377169,128073728,8589934592,8461860864
Sun Mar 15 14:02:46 GMT 2015,26000,10.037172,128356352,8589934592,8461578240
Sun Mar 15 14:02:48 GMT 2015,26000,7.835823,131612672,8589934592,8458321920
Sun Mar 15 14:02:50 GMT 2015,26000,7.56824,132063232,8589934592,8457871360
Sun Mar 15 14:02:52 GMT 2015,26000,5.3416133,132255744,8589934592,8457678848
Sun Mar 15 14:02:54 GMT 2015,26000,13.200498,132456448,8589934592,8457478144
Sun Mar 15 14:02:56 GMT 2015,26000,17.602999,129359872,8589934592,8460574720
Sun Mar 15 14:02:58 GMT 2015,26000,20.448875,128290816,8589934592,8461643776
Sun Mar 15 14:03:00 GMT 2015,26000,6.242198,131063808,8589934592,8458870784
Sun Mar 15 14:03:02 GMT 2015,26000,13.540375,130031616,8589934592,8459902976
Sun Mar 15 14:03:04 GMT 2015,26000,6.3354015,127373312,8589934592,8462561280
Sun Mar 15 14:03:06 GMT 2015,26000,5.8312654,127987712,8589934592,8461946880
Sun Mar 15 14:03:08 GMT 2015,26000,6.2111797,126717952,8589934592,8463216640
Sun Mar 15 14:03:10 GMT 2015,26000,4.488778,127369216,8589934592,8462565376
Sun Mar 15 14:03:12 GMT 2015,26000,4.9751225,128602112,8589934592,8461332480
Sun Mar 15 14:03:14 GMT 2015,26000,5.9553328,128253952,8589934592,8461680640
Sun Mar 15 14:03:16 GMT 2015,26000,7.5588584,132472832,8589934592,8457461760
Sun Mar 15 14:03:18 GMT 2015,26000,4.744071,137969664,8589934592,8451964928
Sun Mar 15 14:03:20 GMT 2015,26000,5.4522934,139821056,8589934592,8450113536
Sun Mar 15 14:03:22 GMT 2015,26000,6.2111797,142761984,8589934592,8447172608
Sun Mar 15 14:03:24 GMT 2015,26000,4.732251,143249408,8589934592,8446685184
Sun Mar 15 14:03:26 GMT 2015,26000,9.192544,139718656,8589934592,8450215936
Sun Mar 15 14:03:28 GMT 2015,26000,4.4776144,140410880,8589934592,8449523712
Sun Mar 15 14:03:30 GMT 2015,26000,6.0945272,138862592,8589934592,8451072000
Sun Mar 15 14:03:32 GMT 2015,26000,14.285713,139636736,8589934592,8450297856
Sun Mar 15 14:03:34 GMT 2015,26000,11.955166,142364672,8589934592,8447569920
Sun Mar 15 14:03:36 GMT 2015,26000,22.981363,134631424,8589934592,8455303168
Sun Mar 15 14:03:38 GMT 2015,26000,16.832918,123613184,8589934592,8466321408
Sun Mar 15 14:03:40 GMT 2015,26000,17.43462,123924480,8589934592,8466010112
Sun Mar 15 14:03:42 GMT 2015,26000,16.089111,123752448,8589934592,8466182144
Sun Mar 15 14:03:44 GMT 2015,26000,14.981276,126488576,8589934592,8463446016
Sun Mar 15 14:03:46 GMT 2015,26000,10.572142,127197184,8589934592,8462737408
Sun Mar 15 14:03:48 GMT 2015,26000,12.655086,127008768,8589934592,8462925824
Sun Mar 15 14:03:50 GMT 2015,26000,15.422887,126939136,8589934592,8462995456
Sun Mar 15 14:03:52 GMT 2015,26000,15.211969,114794496,8589934592,8475140096
Sun Mar 15 14:03:54 GMT 2015,26000,14.089775,124465152,8589934592,8465469440
Sun Mar 15 14:03:56 GMT 2015,26000,16.397518,119672832,8589934592,8470261760
Sun Mar 15 14:03:58 GMT 2015,26000,14.321298,120868864,8589934592,8469065728
Sun Mar 15 14:04:00 GMT 2015,26000,15.737301,124170240,8589934592,8465764352
Sun Mar 15 14:04:02 GMT 2015,26000,12.298137,123510784,8589934592,8466423808
Sun Mar 15 14:04:04 GMT 2015,26000,11.860174,123924480,8589934592,8466010112
Sun Mar 15 14:04:06 GMT 2015,26000,27.543427,127922176,8589934592,8462012416
Sun Mar 15 14:04:08 GMT 2015,26000,10.124999,128671744,8589934592,8461262848
Sun Mar 15 14:04:10 GMT 2015,26000,10.074627,129191936,8589934592,8460742656
Sun Mar 15 14:04:12 GMT 2015,26000,16.27329,134582272,8589934592,8455352320
Sun Mar 15 14:04:14 GMT 2015,26000,9.339976,135323648,8589934592,8454610944
Sun Mar 15 14:04:16 GMT 2015,26000,13.027292,136052736,8589934592,8453881856
Sun Mar 15 14:04:18 GMT 2015,26000,15.796018,134332416,8589934592,8455602176
Sun Mar 15 14:04:20 GMT 2015,26000,19.651741,133529600,8589934592,8456404992
Sun Mar 15 14:04:22 GMT 2015,26000,18.181818,134926336,8589934592,8455008256
Sun Mar 15 14:04:24 GMT 2015,26000,9.950251,135213056,8589934592,8454721536
Sun Mar 15 14:04:26 GMT 2015,26000,13.754648,135368704,8589934592,8454565888
Sun Mar 15 14:04:28 GMT 2015,26000,8.198756,136228864,8589934592,8453705728
Sun Mar 15 14:04:30 GMT 2015,26000,6.583852,136577024,8589934592,8453357568
Sun Mar 15 14:04:32 GMT 2015,26000,15.796018,136089600,8589934592,8453844992
Sun Mar 15 14:04:34 GMT 2015,26000,12.298137,135680000,8589934592,8454254592
Sun Mar 15 14:04:36 GMT 2015,26000,8.808935,136200192,8589934592,8453734400
Sun Mar 15 14:04:38 GMT 2015,26000,12.437809,134856704,8589934592,8455077888
Sun Mar 15 14:04:40 GMT 2015,26000,15.776396,134656000,8589934592,8455278592
Sun Mar 15 14:04:42 GMT 2015,26000,14.125002,121004032,8589934592,8468930560
Sun Mar 15 14:04:44 GMT 2015,26000,15.29851,123011072,8589934592,8466923520
Sun Mar 15 14:04:46 GMT 2015,26000,12.376237,123232256,8589934592,8466702336
Sun Mar 15 14:04:48 GMT 2015,26000,10.972571,119693312,8589934592,8470241280
Sun Mar 15 14:04:50 GMT 2015,26000,12.686568,118292480,8589934592,8471642112
Sun Mar 15 14:04:52 GMT 2015,26000,11.457038,117731328,8589934592,8472203264
Sun Mar 15 14:04:54 GMT 2015,26000,4.483187,117166080,8589934592,8472768512
Sun Mar 15 14:04:56 GMT 2015,26000,5.479455,117596160,8589934592,8472338432
Sun Mar 15 14:04:58 GMT 2015,26000,4.4776144,117039104,8589934592,8472895488
Sun Mar 15 14:05:00 GMT 2015,26000,4.956627,117624832,8589934592,8472309760
Sun Mar 15 14:05:02 GMT 2015,26000,4.472047,116998144,8589934592,8472936448
Sun Mar 15 14:05:04 GMT 2015,26000,4.850745,117444608,8589934592,8472489984
Sun Mar 15 14:05:06 GMT 2015,26000,5.3349853,116699136,8589934592,8473235456
Sun Mar 15 14:05:08 GMT 2015,26000,4.218364,117051392,8589934592,8472883200
Sun Mar 15 14:05:10 GMT 2015,26000,4.9813213,117960704,8589934592,8471973888
Sun Mar 15 14:05:12 GMT 2015,26000,4.0942907,117166080,8589934592,8472768512
Sun Mar 15 14:05:14 GMT 2015,26000,5.860347,120164352,8589934592,8469770240
Sun Mar 15 14:05:16 GMT 2015,26000,5.217391,120520704,8589934592,8469413888
Sun Mar 15 14:05:18 GMT 2015,26000,7.18711,118878208,8589934592,8471056384
Sun Mar 15 14:05:20 GMT 2015,26000,7.970113,118263808,8589934592,8471670784
Sun Mar 15 14:05:22 GMT 2015,26000,15.756822,115359744,8589934592,8474574848
Sun Mar 15 14:05:24 GMT 2015,26000,6.079406,115830784,8589934592,8474103808
Sun Mar 15 14:05:26 GMT 2015,26000,4.5962753,115273728,8589934592,8474660864
Sun Mar 15 14:05:28 GMT 2015,26000,3.6024868,114601984,8589934592,8475332608
Sun Mar 15 14:05:30 GMT 2015,26000,7.835823,116158464,8589934592,8473776128
Sun Mar 15 14:05:32 GMT 2015,26000,12.1890545,116121600,8589934592,8473812992
Sun Mar 15 14:05:35 GMT 2015,26000,12.747526,115785728,8589934592,8474148864
Sun Mar 15 14:05:37 GMT 2015,26000,16.562891,116596736,8589934592,8473337856
Sun Mar 15 14:05:39 GMT 2015,26000,15.880895,355725312,8589934592,8234209280
Sun Mar 15 14:05:41 GMT 2015,26000,12.079704,254828544,8589934592,8335106048
Sun Mar 15 14:05:43 GMT 2015,26000,12.763321,254578688,8589934592,8335355904
Sun Mar 15 14:05:45 GMT 2015,26000,10.696518,255152128,8589934592,8334782464
Sun Mar 15 14:05:47 GMT 2015,26000,12.887239,253550592,8589934592,8336384000
Sun Mar 15 14:05:49 GMT 2015,26000,12.079704,252354560,8589934592,8337580032
Sun Mar 15 14:05:51 GMT 2015,26000,22.772276,253018112,8589934592,8336916480
Sun Mar 15 14:05:53 GMT 2015,26000,15.875,251916288,8589934592,8338018304
Sun Mar 15 14:05:55 GMT 2015,26000,12.919253,250785792,8589934592,8339148800
Sun Mar 15 14:05:57 GMT 2015,26000,13.325029,251375616,8589934592,8338558976
Sun Mar 15 14:05:59 GMT 2015,26000,14.764267,250900480,8589934592,8339034112
Sun Mar 15 14:06:01 GMT 2015,26000,15.756822,250945536,8589934592,8338989056
Sun Mar 15 14:06:03 GMT 2015,26000,15.508688,248418304,8589934592,8341516288
Sun Mar 15 14:06:05 GMT 2015,26000,14.713216,251387904,8589934592,8338546688
Sun Mar 15 14:06:07 GMT 2015,26000,22.029703,251072512,8589934592,8338862080
Sun Mar 15 14:06:09 GMT 2015,26000,15.355807,250642432,8589934592,8339292160
Sun Mar 15 14:06:11 GMT 2015,26000,10.656756,250097664,8589934592,8339836928
Sun Mar 15 14:06:13 GMT 2015,26000,9.950251,231727104,8589934592,8358207488
Sun Mar 15 14:06:15 GMT 2015,26000,10.087174,233177088,8589934592,8356757504
Sun Mar 15 14:06:17 GMT 2015,26000,15.155279,233537536,8589934592,8356397056
Sun Mar 15 14:06:19 GMT 2015,26000,10.794044,234172416,8589934592,8355762176
Sun Mar 15 14:06:21 GMT 2015,26000,5.472636,233119744,8589934592,8356814848
Sun Mar 15 14:06:23 GMT 2015,26000,5.4658413,233459712,8589934592,8356474880
Sun Mar 15 14:06:25 GMT 2015,26000,7.8455806,233996288,8589934592,8355938304
Sun Mar 15 14:06:27 GMT 2015,26000,11.801243,234704896,8589934592,8355229696
Sun Mar 15 14:06:29 GMT 2015,26000,11.042184,220598272,8589934592,8369336320
Sun Mar 15 14:06:31 GMT 2015,26000,16.894413,221347840,8589934592,8368586752
Sun Mar 15 14:06:33 GMT 2015,26000,12.670809,212979712,8589934592,8376954880
Sun Mar 15 14:06:35 GMT 2015,26000,9.553349,217927680,8589934592,8372006912
Sun Mar 15 14:06:37 GMT 2015,26000,16.18929,218021888,8589934592,8371912704
Sun Mar 15 14:06:39 GMT 2015,26000,21.091812,218771456,8589934592,8371163136
Sun Mar 15 14:06:41 GMT 2015,26000,18.159204,218734592,8589934592,8371200000
Sun Mar 15 14:06:43 GMT 2015,26000,16.024845,217374720,8589934592,8372559872
Sun Mar 15 14:06:45 GMT 2015,26000,16.397518,216494080,8589934592,8373440512
Sun Mar 15 14:06:47 GMT 2015,26000,10.794044,217096192,8589934592,8372838400
Sun Mar 15 14:06:49 GMT 2015,26000,9.452736,215273472,8589934592,8374661120
Sun Mar 15 14:06:51 GMT 2015,26000,5.1314116,215224320,8589934592,8374710272
Sun Mar 15 14:06:53 GMT 2015,26000,15.136475,213803008,8589934592,8376131584
Sun Mar 15 14:06:55 GMT 2015,26000,24.129354,214683648,8589934592,8375250944
Sun Mar 15 14:06:57 GMT 2015,26000,8.084578,215044096,8589934592,8374890496
Sun Mar 15 14:06:59 GMT 2015,26000,5.093169,214425600,8589934592,8375508992
Sun Mar 15 14:07:01 GMT 2015,26000,11.677021,214740992,8589934592,8375193600
Sun Mar 15 14:07:03 GMT 2015,26000,27.680796,213647360,8589934592,8376287232
Sun Mar 15 14:07:05 GMT 2015,26000,18.711275,212582400,8589934592,8377352192
Sun Mar 15 14:07:07 GMT 2015,26000,18.012423,215207936,8589934592,8374726656
Sun Mar 15 14:07:09 GMT 2015,26000,11.691541,214228992,8589934592,8375705600
Sun Mar 15 14:07:11 GMT 2015,26000,14.534163,215310336,8589934592,8374624256
Sun Mar 15 14:07:13 GMT 2015,26000,11.194033,214708224,8589934592,8375226368
Sun Mar 15 14:07:15 GMT 2015,26000,16.915422,213790720,8589934592,8376143872
Sun Mar 15 14:07:17 GMT 2015,26000,10.918117,213123072,8589934592,8376811520
Sun Mar 15 14:07:19 GMT 2015,26000,14.179105,211750912,8589934592,8378183680
Sun Mar 15 14:07:21 GMT 2015,26000,10.611736,211689472,8589934592,8378245120
Sun Mar 15 14:07:23 GMT 2015,26000,5.933249,211226624,8589934592,8378707968
Sun Mar 15 14:07:25 GMT 2015,26000,5.7142854,211476480,8589934592,8378458112
Sun Mar 15 14:07:27 GMT 2015,26000,15.174127,212697088,8589934592,8377237504
Sun Mar 15 14:07:29 GMT 2015,26000,7.2049675,211628032,8589934592,8378306560
Sun Mar 15 14:07:31 GMT 2015,26000,4.104477,211922944,8589934592,8378011648
Sun Mar 15 14:07:33 GMT 2015,26000,4.601991,212361216,8589934592,8377573376
Sun Mar 15 14:07:35 GMT 2015,26000,9.962643,211988480,8589934592,8377946112
Sun Mar 15 14:07:37 GMT 2015,26000,4.590571,211095552,8589934592,8378839040
Sun Mar 15 14:07:39 GMT 2015,26000,4.720497,211660800,8589934592,8378273792
Sun Mar 15 14:07:41 GMT 2015,26000,4.6077194,212418560,8589934592,8377516032
Sun Mar 15 14:07:43 GMT 2015,26000,4.956627,210993152,8589934592,8378941440
Sun Mar 15 14:07:45 GMT 2015,26000,12.718206,212475904,8589934592,8377458688
Sun Mar 15 14:07:47 GMT 2015,26000,4.472047,212164608,8589934592,8377769984
Sun Mar 15 14:07:49 GMT 2015,26000,5.236906,211447808,8589934592,8378486784
