Fri Feb 27 20:50:59 GMT 2015,26000,0.0,287342592,8589934592,8302592000
Fri Feb 27 20:51:01 GMT 2015,26000,41.967617,191574016,8589934592,8398360576
Fri Feb 27 20:51:03 GMT 2015,26000,22.512436,97779712,8589934592,8492154880
Fri Feb 27 20:51:05 GMT 2015,26000,15.279502,188616704,8589934592,8401317888
Fri Feb 27 20:51:07 GMT 2015,26000,14.019853,188059648,8589934592,8401874944
Fri Feb 27 20:51:09 GMT 2015,26000,6.724781,187203584,8589934592,8402731008
Fri Feb 27 20:51:11 GMT 2015,26000,7.8066883,186589184,8589934592,8403345408
Fri Feb 27 20:51:13 GMT 2015,26000,4.347825,186843136,8589934592,8403091456
Fri Feb 27 20:51:15 GMT 2015,26000,10.434782,187887616,8589934592,8402046976
Fri Feb 27 20:51:17 GMT 2015,26000,12.422359,187535360,8589934592,8402399232
Fri Feb 27 20:51:19 GMT 2015,26000,13.449562,185872384,8589934592,8404062208
Fri Feb 27 20:51:21 GMT 2015,26000,13.075966,185466880,8589934592,8404467712
Fri Feb 27 20:51:23 GMT 2015,26000,15.985131,184889344,8589934592,8405045248
Fri Feb 27 20:51:25 GMT 2015,26000,13.108617,184176640,8589934592,8405757952
Fri Feb 27 20:51:27 GMT 2015,26000,14.03727,182685696,8589934592,8407248896
Fri Feb 27 20:51:29 GMT 2015,26000,3.850931,181948416,8589934592,8407986176
Fri Feb 27 20:51:31 GMT 2015,26000,8.684862,182108160,8589934592,8407826432
Fri Feb 27 20:51:33 GMT 2015,26000,16.832918,252878848,8589934592,8337055744
Fri Feb 27 20:51:35 GMT 2015,26000,14.993805,240529408,8589934592,8349405184
Fri Feb 27 20:51:37 GMT 2015,26000,19.451374,195584000,8589934592,8394350592
Fri Feb 27 20:51:39 GMT 2015,26000,16.87345,183922688,8589934592,8406011904
Fri Feb 27 20:51:41 GMT 2015,26000,13.200498,175751168,8589934592,8414183424
Fri Feb 27 20:51:43 GMT 2015,26000,15.403729,156508160,8589934592,8433426432
Fri Feb 27 20:51:45 GMT 2015,26000,19.851118,181821440,8589934592,8408113152
Fri Feb 27 20:51:47 GMT 2015,26000,33.706467,144617472,8589934592,8445317120
Fri Feb 27 20:51:49 GMT 2015,26000,53.4418,273424384,8589934592,8316510208
Fri Feb 27 20:51:51 GMT 2015,26000,67.87048,223436800,8589934592,8366497792
Fri Feb 27 20:51:53 GMT 2015,26000,75.03105,151883776,8589934592,8438050816
Fri Feb 27 20:51:55 GMT 2015,26000,85.056046,134778880,8589934592,8455155712
Fri Feb 27 20:51:57 GMT 2015,26000,65.375,83951616,8589934592,8505982976
Fri Feb 27 20:51:59 GMT 2015,26000,66.87345,117407744,8589934592,8472526848
Fri Feb 27 20:52:01 GMT 2015,26000,27.057356,60710912,8589934592,8529223680
Fri Feb 27 20:52:03 GMT 2015,26000,17.288559,105295872,8589934592,8484638720
Fri Feb 27 20:52:05 GMT 2015,26000,46.344482,72482816,8589934592,8517451776
Fri Feb 27 20:52:07 GMT 2015,26000,64.0,66736128,8589934592,8523198464
Fri Feb 27 20:52:09 GMT 2015,26000,75.2809,59797504,8589934592,8530137088
Fri Feb 27 20:52:11 GMT 2015,26000,66.8323,87027712,8589934592,8502906880
Fri Feb 27 20:52:13 GMT 2015,26000,61.67291,87244800,8589934592,8502689792
Fri Feb 27 20:52:15 GMT 2015,26000,67.24566,107589632,8589934592,8482344960
Fri Feb 27 20:52:17 GMT 2015,26000,60.297764,122281984,8589934592,8467652608
Fri Feb 27 20:52:19 GMT 2015,26000,57.231922,122494976,8589934592,8467439616
Fri Feb 27 20:52:21 GMT 2015,26000,59.006214,121561088,8589934592,8468373504
Fri Feb 27 20:52:23 GMT 2015,26000,49.56522,119980032,8589934592,8469954560
Fri Feb 27 20:52:25 GMT 2015,26000,66.253105,119828480,8589934592,8470106112
Fri Feb 27 20:52:27 GMT 2015,26000,73.04348,215883776,8589934592,8374050816
Fri Feb 27 20:52:29 GMT 2015,26000,69.52737,108273664,8589934592,8481660928
Fri Feb 27 20:52:31 GMT 2015,26000,32.835823,180789248,8589934592,8409145344
Fri Feb 27 20:52:33 GMT 2015,26000,36.28429,240709632,8589934592,8349224960
Fri Feb 27 20:52:35 GMT 2015,26000,71.589485,125931520,8589934592,8464003072
Fri Feb 27 20:52:37 GMT 2015,26000,44.913147,90812416,8589934592,8499122176
Fri Feb 27 20:52:39 GMT 2015,26000,8.104735,91213824,8589934592,8498720768
Fri Feb 27 20:52:41 GMT 2015,26000,3.9900243,90308608,8589934592,8499625984
Fri Feb 27 20:52:43 GMT 2015,26000,22.857141,107540480,8589934592,8482394112
Fri Feb 27 20:52:45 GMT 2015,26000,58.948685,121937920,8589934592,8467996672
Fri Feb 27 20:52:47 GMT 2015,26000,43.266834,108482560,8589934592,8481452032
Fri Feb 27 20:52:49 GMT 2015,26000,42.307693,102047744,8589934592,8487886848
Fri Feb 27 20:52:51 GMT 2015,26000,38.757767,135135232,8589934592,8454799360
Fri Feb 27 20:52:53 GMT 2015,26000,21.598005,130412544,8589934592,8459522048
Fri Feb 27 20:52:55 GMT 2015,26000,8.71731,131203072,8589934592,8458731520
Fri Feb 27 20:52:57 GMT 2015,26000,20.423412,139223040,8589934592,8450711552
Fri Feb 27 20:52:59 GMT 2015,26000,36.848633,121860096,8589934592,8468074496
Fri Feb 27 20:53:01 GMT 2015,26000,13.840401,120315904,8589934592,8469618688
Fri Feb 27 20:53:03 GMT 2015,26000,11.180126,142569472,8589934592,8447365120
Fri Feb 27 20:53:05 GMT 2015,26000,37.7335,132354048,8589934592,8457580544
Fri Feb 27 20:53:07 GMT 2015,26000,39.999996,98181120,8589934592,8491753472
Fri Feb 27 20:53:09 GMT 2015,26000,39.054726,124858368,8589934592,8465076224
Fri Feb 27 20:53:12 GMT 2015,26000,8.808935,123322368,8589934592,8466612224
Fri Feb 27 20:53:14 GMT 2015,26000,8.592778,124715008,8589934592,8465219584
Fri Feb 27 20:53:16 GMT 2015,26000,33.37469,116776960,8589934592,8473157632
Fri Feb 27 20:53:18 GMT 2015,26000,6.7415714,118669312,8589934592,8471265280
Fri Feb 27 20:53:20 GMT 2015,26000,27.487564,141127680,8589934592,8448806912
Fri Feb 27 20:53:22 GMT 2015,26000,41.242237,143740928,8589934592,8446193664
Fri Feb 27 20:53:24 GMT 2015,26000,48.941467,107761664,8589934592,8482172928
Fri Feb 27 20:53:26 GMT 2015,26000,47.8803,110936064,8589934592,8478998528
Fri Feb 27 20:53:28 GMT 2015,26000,52.80199,99835904,8589934592,8490098688
Fri Feb 27 20:53:30 GMT 2015,26000,35.155277,151007232,8589934592,8438927360
Fri Feb 27 20:53:32 GMT 2015,26000,5.7213902,152252416,8589934592,8437682176
Fri Feb 27 20:53:34 GMT 2015,26000,6.242198,151969792,8589934592,8437964800
Fri Feb 27 20:53:36 GMT 2015,26000,37.78055,120492032,8589934592,8469442560
Fri Feb 27 20:53:38 GMT 2015,26000,33.002483,146554880,8589934592,8443379712
Fri Feb 27 20:53:40 GMT 2015,26000,48.258705,132849664,8589934592,8457084928
Fri Feb 27 20:53:42 GMT 2015,26000,52.80199,124817408,8589934592,8465117184
Fri Feb 27 20:53:44 GMT 2015,26000,31.008715,148127744,8589934592,8441806848
Fri Feb 27 20:53:46 GMT 2015,26000,55.168118,133832704,8589934592,8456101888
Fri Feb 27 20:53:48 GMT 2015,26000,50.435863,135430144,8589934592,8454504448
Fri Feb 27 20:53:50 GMT 2015,26000,53.540375,112316416,8589934592,8477618176
Fri Feb 27 20:53:52 GMT 2015,26000,25.436407,141033472,8589934592,8448901120
Fri Feb 27 20:53:54 GMT 2015,26000,17.185556,147664896,8589934592,8442269696
Fri Feb 27 20:53:56 GMT 2015,26000,60.149445,156389376,8589934592,8433545216
Fri Feb 27 20:53:58 GMT 2015,26000,26.650064,196902912,8589934592,8393031680
Fri Feb 27 20:54:00 GMT 2015,26000,23.661268,111501312,8589934592,8478433280
Fri Feb 27 20:54:02 GMT 2015,26000,24.533003,112246784,8589934592,8477687808
Fri Feb 27 20:54:04 GMT 2015,26000,23.880594,138563584,8589934592,8451371008
Fri Feb 27 20:54:06 GMT 2015,26000,25.341612,137351168,8589934592,8452583424
Fri Feb 27 20:54:08 GMT 2015,26000,25.870646,137707520,8589934592,8452227072
Fri Feb 27 20:54:10 GMT 2015,26000,24.937963,136265728,8589934592,8453668864
Fri Feb 27 20:54:12 GMT 2015,26000,28.14446,136790016,8589934592,8453144576
Fri Feb 27 20:54:14 GMT 2015,26000,29.068321,153976832,8589934592,8435957760
Fri Feb 27 20:54:16 GMT 2015,26000,22.166872,151863296,8589934592,8438071296
Fri Feb 27 20:54:18 GMT 2015,26000,24.937963,150716416,8589934592,8439218176
Fri Feb 27 20:54:20 GMT 2015,26000,26.558601,150245376,8589934592,8439689216
Fri Feb 27 20:54:22 GMT 2015,26000,23.573202,144257024,8589934592,8445677568
Fri Feb 27 20:54:24 GMT 2015,26000,24.535316,144269312,8589934592,8445665280
Fri Feb 27 20:54:26 GMT 2015,26000,26.335407,143208448,8589934592,8446726144
Fri Feb 27 20:54:28 GMT 2015,26000,22.665007,142270464,8589934592,8447664128
Fri Feb 27 20:54:30 GMT 2015,26000,20.423412,142458880,8589934592,8447475712
Fri Feb 27 20:54:32 GMT 2015,26000,27.757126,189411328,8589934592,8400523264
Fri Feb 27 20:54:34 GMT 2015,26000,24.875624,181645312,8589934592,8408289280
Fri Feb 27 20:54:36 GMT 2015,26000,20.024878,180412416,8589934592,8409522176
Fri Feb 27 20:54:38 GMT 2015,26000,23.602486,180711424,8589934592,8409223168
Fri Feb 27 20:54:40 GMT 2015,26000,19.676214,180961280,8589934592,8408973312
Fri Feb 27 20:54:42 GMT 2015,26000,24.813896,180142080,8589934592,8409792512
Fri Feb 27 20:54:44 GMT 2015,26000,24.129354,200880128,8589934592,8389054464
Fri Feb 27 20:54:46 GMT 2015,26000,24.039656,200232960,8589934592,8389701632
Fri Feb 27 20:54:48 GMT 2015,26000,23.00995,198529024,8589934592,8391405568
Fri Feb 27 20:54:50 GMT 2015,26000,20.124222,198721536,8589934592,8391213056
Fri Feb 27 20:54:52 GMT 2015,26000,17.705738,198877184,8589934592,8391057408
Fri Feb 27 20:54:54 GMT 2015,26000,19.801981,199823360,8589934592,8390111232
Fri Feb 27 20:54:56 GMT 2015,26000,23.507463,209793024,8589934592,8380141568
Fri Feb 27 20:54:58 GMT 2015,26000,19.925278,209457152,8589934592,8380477440
Fri Feb 27 20:55:00 GMT 2015,26000,20.223326,224264192,8589934592,8365670400
Fri Feb 27 20:55:02 GMT 2015,26000,19.999998,223416320,8589934592,8366518272
Fri Feb 27 20:55:04 GMT 2015,26000,18.28358,222576640,8589934592,8367357952
Fri Feb 27 20:55:06 GMT 2015,26000,20.372671,222801920,8589934592,8367132672
Fri Feb 27 20:55:08 GMT 2015,26000,20.822943,222220288,8589934592,8367714304
Fri Feb 27 20:55:10 GMT 2015,26000,20.57001,222453760,8589934592,8367480832
Fri Feb 27 20:55:12 GMT 2015,26000,24.720495,222679040,8589934592,8367255552
Fri Feb 27 20:55:14 GMT 2015,26000,23.536736,232456192,8589934592,8357478400
Fri Feb 27 20:55:16 GMT 2015,26000,21.878862,234688512,8589934592,8355246080
Fri Feb 27 20:55:18 GMT 2015,26000,22.7216,234885120,8589934592,8355049472
Fri Feb 27 20:55:20 GMT 2015,26000,21.0199,236023808,8589934592,8353910784
Fri Feb 27 20:55:22 GMT 2015,26000,19.00621,235233280,8589934592,8354701312
Fri Feb 27 20:55:24 GMT 2015,26000,24.004978,233537536,8589934592,8356397056
Fri Feb 27 20:55:26 GMT 2015,26000,21.419674,232939520,8589934592,8356995072
Fri Feb 27 20:55:28 GMT 2015,26000,19.851118,233349120,8589934592,8356585472
Fri Feb 27 20:55:30 GMT 2015,26000,20.124222,233926656,8589934592,8356007936
Fri Feb 27 20:55:32 GMT 2015,26000,22.014927,233738240,8589934592,8356196352
Fri Feb 27 20:55:34 GMT 2015,26000,22.73292,234037248,8589934592,8355897344
Fri Feb 27 20:55:36 GMT 2015,26000,20.174349,234385408,8589934592,8355549184
Fri Feb 27 20:55:38 GMT 2015,26000,19.950432,234627072,8589934592,8355307520
Fri Feb 27 20:55:40 GMT 2015,26000,18.935644,235249664,8589934592,8354684928
Fri Feb 27 20:55:42 GMT 2015,26000,19.649559,235429888,8589934592,8354504704
Fri Feb 27 20:55:44 GMT 2015,26000,24.257427,235339776,8589934592,8354594816
Fri Feb 27 20:55:46 GMT 2015,26000,19.950127,235741184,8589934592,8354193408
Fri Feb 27 20:55:48 GMT 2015,26000,21.809174,236048384,8589934592,8353886208
Fri Feb 27 20:55:50 GMT 2015,26000,20.719606,235356160,8589934592,8354578432
Fri Feb 27 20:55:52 GMT 2015,26000,19.503105,234512384,8589934592,8355422208
Fri Feb 27 20:55:54 GMT 2015,26000,20.547945,234827776,8589934592,8355106816
Fri Feb 27 20:55:56 GMT 2015,26000,19.999998,234098688,8589934592,8355835904
Fri Feb 27 20:55:58 GMT 2015,26000,20.124222,234332160,8589934592,8355602432
Fri Feb 27 20:56:00 GMT 2015,26000,21.9603,233639936,8589934592,8356294656
Fri Feb 27 20:56:02 GMT 2015,26000,22.44389,233324544,8589934592,8356610048
Fri Feb 27 20:56:04 GMT 2015,26000,41.191067,232976384,8589934592,8356958208
Fri Feb 27 20:56:06 GMT 2015,26000,43.01746,157634560,8589934592,8432300032
Fri Feb 27 20:56:08 GMT 2015,26000,13.291925,157466624,8589934592,8432467968
Fri Feb 27 20:56:10 GMT 2015,26000,15.489465,87060480,8589934592,8502874112
Fri Feb 27 20:56:12 GMT 2015,26000,15.068495,88657920,8589934592,8501276672
Fri Feb 27 20:56:14 GMT 2015,26000,20.423412,119095296,8589934592,8470839296
Fri Feb 27 20:56:16 GMT 2015,26000,55.43071,74444800,8589934592,8515489792
Fri Feb 27 20:56:18 GMT 2015,26000,53.04348,72744960,8589934592,8517189632
Fri Feb 27 20:56:21 GMT 2015,26000,55.279507,79257600,8589934592,8510676992
Fri Feb 27 20:56:23 GMT 2015,26000,40.125,56553472,8589934592,8533381120
Fri Feb 27 20:56:25 GMT 2015,26000,32.630272,55320576,8589934592,8534614016
Fri Feb 27 20:56:27 GMT 2015,26000,19.402987,54190080,8589934592,8535744512
Fri Feb 27 20:56:29 GMT 2015,26000,18.034828,49270784,8589934592,8540663808
Fri Feb 27 20:56:31 GMT 2015,26000,14.943957,70164480,8589934592,8519770112
Fri Feb 27 20:56:33 GMT 2015,26000,5.8240414,71540736,8589934592,8518393856
Fri Feb 27 20:56:35 GMT 2015,26000,25.186104,44544000,8589934592,8545390592
Fri Feb 27 20:56:37 GMT 2015,26000,24.1594,43880448,8589934592,8546054144
Fri Feb 27 20:56:39 GMT 2015,26000,34.581776,46428160,8589934592,8543506432
Fri Feb 27 20:56:41 GMT 2015,26000,7.8651667,46407680,8589934592,8543526912
Fri Feb 27 20:56:43 GMT 2015,26000,9.677422,54288384,8589934592,8535646208
Fri Feb 27 20:56:45 GMT 2015,26000,14.570361,54706176,8589934592,8535228416
Fri Feb 27 20:56:47 GMT 2015,26000,46.393036,38252544,8589934592,8551682048
Fri Feb 27 20:56:49 GMT 2015,26000,7.0807457,79233024,8589934592,8510701568
Fri Feb 27 20:56:51 GMT 2015,26000,4.7500014,79925248,8589934592,8510009344
Fri Feb 27 20:56:53 GMT 2015,26000,6.7080736,79208448,8589934592,8510726144
Fri Feb 27 20:56:55 GMT 2015,26000,5.1186028,77443072,8589934592,8512491520
Fri Feb 27 20:56:57 GMT 2015,26000,6.4596295,76447744,8589934592,8513486848
Fri Feb 27 20:56:59 GMT 2015,26000,4.856789,76587008,8589934592,8513347584
Fri Feb 27 20:57:01 GMT 2015,26000,6.3354015,81149952,8589934592,8508784640
Fri Feb 27 20:57:03 GMT 2015,26000,5.217391,99291136,8589934592,8490643456
Fri Feb 27 20:57:05 GMT 2015,26000,4.956627,98447360,8589934592,8491487232
Fri Feb 27 20:57:07 GMT 2015,26000,8.436728,97890304,8589934592,8492044288
Fri Feb 27 20:57:09 GMT 2015,26000,7.231921,92233728,8589934592,8497700864
Fri Feb 27 20:57:11 GMT 2015,26000,5.223882,91549696,8589934592,8498384896
Fri Feb 27 20:57:13 GMT 2015,26000,5.4388103,92151808,8589934592,8497782784
Fri Feb 27 20:57:15 GMT 2015,26000,6.857854,93532160,8589934592,8496402432
Fri Feb 27 20:57:17 GMT 2015,26000,5.223882,92991488,8589934592,8496943104
Fri Feb 27 20:57:19 GMT 2015,26000,5.4590583,92631040,8589934592,8497303552
Fri Feb 27 20:57:21 GMT 2015,26000,4.962778,92950528,8589934592,8496984064
Fri Feb 27 20:57:23 GMT 2015,26000,5.6039867,92237824,8589934592,8497696768
Fri Feb 27 20:57:25 GMT 2015,26000,5.223882,96907264,8589934592,8493027328
Fri Feb 27 20:57:27 GMT 2015,26000,5.191594,95195136,8589934592,8494739456
Fri Feb 27 20:57:29 GMT 2015,26000,5.4862857,94920704,8589934592,8495013888
Fri Feb 27 20:57:31 GMT 2015,26000,11.16625,51720192,8589934592,8538214400
Fri Feb 27 20:57:33 GMT 2015,26000,4.9875317,52039680,8589934592,8537894912
Fri Feb 27 20:57:35 GMT 2015,26000,4.5962753,52666368,8589934592,8537268224
Fri Feb 27 20:57:37 GMT 2015,26000,4.6077194,52908032,8589934592,8537026560
Fri Feb 27 20:57:39 GMT 2015,26000,6.3354015,52449280,8589934592,8537485312
Fri Feb 27 20:57:41 GMT 2015,26000,5.086851,53223424,8589934592,8536711168
Fri Feb 27 20:57:43 GMT 2015,26000,5.707198,54788096,8589934592,8535146496
Fri Feb 27 20:57:45 GMT 2015,26000,5.124998,55631872,8589934592,8534302720
Fri Feb 27 20:57:47 GMT 2015,26000,5.2109184,55889920,8589934592,8534044672
Fri Feb 27 20:57:49 GMT 2015,26000,5.590063,56340480,8589934592,8533594112
Fri Feb 27 20:57:51 GMT 2015,26000,6.124997,55033856,8589934592,8534900736
Fri Feb 27 20:57:53 GMT 2015,26000,20.993788,89288704,8589934592,8500645888
Fri Feb 27 20:57:55 GMT 2015,26000,23.602486,89477120,8589934592,8500457472
Fri Feb 27 20:57:57 GMT 2015,26000,17.018635,91054080,8589934592,8498880512
Fri Feb 27 20:57:59 GMT 2015,26000,44.139652,68513792,8589934592,8521420800
Fri Feb 27 20:58:01 GMT 2015,26000,60.473812,60674048,8589934592,8529260544
Fri Feb 27 20:58:03 GMT 2015,26000,46.94894,60243968,8589934592,8529690624
Fri Feb 27 20:58:05 GMT 2015,26000,10.545903,56639488,8589934592,8533295104
Fri Feb 27 20:58:07 GMT 2015,26000,44.763096,56532992,8589934592,8533401600
Fri Feb 27 20:58:09 GMT 2015,26000,45.037224,54755328,8589934592,8535179264
Fri Feb 27 20:58:11 GMT 2015,26000,18.70324,90980352,8589934592,8498954240
Fri Feb 27 20:58:13 GMT 2015,26000,18.929016,84946944,8589934592,8504987648
Fri Feb 27 20:58:15 GMT 2015,26000,19.378883,104919040,8589934592,8485015552
Fri Feb 27 20:58:17 GMT 2015,26000,28.553617,109080576,8589934592,8480854016
Fri Feb 27 20:58:19 GMT 2015,26000,8.198756,109916160,8589934592,8480018432
Fri Feb 27 20:58:21 GMT 2015,26000,50.49751,58335232,8589934592,8531599360
Fri Feb 27 20:58:23 GMT 2015,26000,19.42715,89845760,8589934592,8500088832
Fri Feb 27 20:58:25 GMT 2015,26000,19.527363,58982400,8589934592,8530952192
Fri Feb 27 20:58:27 GMT 2015,26000,9.452736,62963712,8589934592,8526970880
Fri Feb 27 20:58:29 GMT 2015,26000,8.966374,60448768,8589934592,8529485824
Fri Feb 27 20:58:31 GMT 2015,26000,5.4862857,59846656,8589934592,8530087936
Fri Feb 27 20:58:33 GMT 2015,26000,6.8407955,60428288,8589934592,8529506304
Fri Feb 27 20:58:35 GMT 2015,26000,21.668743,61292544,8589934592,8528642048
Fri Feb 27 20:58:37 GMT 2015,26000,34.825874,83234816,8589934592,8506699776
Fri Feb 27 20:58:39 GMT 2015,26000,22.415941,124882944,8589934592,8465051648
Fri Feb 27 20:58:41 GMT 2015,26000,24.408466,112340992,8589934592,8477593600
Fri Feb 27 20:58:43 GMT 2015,26000,35.36737,72540160,8589934592,8517394432
Fri Feb 27 20:58:45 GMT 2015,26000,33.91521,67706880,8589934592,8522227712
Fri Feb 27 20:58:47 GMT 2015,26000,37.142857,60346368,8589934592,8529588224
Fri Feb 27 20:58:49 GMT 2015,26000,7.615483,86585344,8589934592,8503349248
Fri Feb 27 20:58:51 GMT 2015,26000,31.180126,81678336,8589934592,8508256256
Fri Feb 27 20:58:53 GMT 2015,26000,5.97015,81965056,8589934592,8507969536
Fri Feb 27 20:58:55 GMT 2015,26000,34.86924,79056896,8589934592,8510877696
Fri Feb 27 20:58:57 GMT 2015,26000,19.678217,103092224,8589934592,8486842368
Fri Feb 27 20:58:59 GMT 2015,26000,16.024845,105496576,8589934592,8484438016
Fri Feb 27 20:59:01 GMT 2015,26000,6.857854,108027904,8589934592,8481906688
Fri Feb 27 20:59:03 GMT 2015,26000,6.4356446,107192320,8589934592,8482742272
Fri Feb 27 20:59:05 GMT 2015,26000,25.77833,107900928,8589934592,8482033664
Fri Feb 27 20:59:07 GMT 2015,26000,21.21588,118046720,8589934592,8471887872
Fri Feb 27 20:59:09 GMT 2015,26000,18.679953,117075968,8589934592,8472858624
Fri Feb 27 20:59:11 GMT 2015,26000,17.472118,107917312,8589934592,8482017280
Fri Feb 27 20:59:13 GMT 2015,26000,11.428571,115363840,8589934592,8474570752
Fri Feb 27 20:59:15 GMT 2015,26000,4.720497,115585024,8589934592,8474349568
Fri Feb 27 20:59:17 GMT 2015,26000,7.71144,113946624,8589934592,8475987968
Fri Feb 27 20:59:19 GMT 2015,26000,17.12159,114479104,8589934592,8475455488
Fri Feb 27 20:59:21 GMT 2015,26000,16.18929,112836608,8589934592,8477097984
Fri Feb 27 20:59:23 GMT 2015,26000,17.91045,111607808,8589934592,8478326784
Fri Feb 27 20:59:25 GMT 2015,26000,14.339155,111616000,8589934592,8478318592
Fri Feb 27 20:59:27 GMT 2015,26000,43.478264,113045504,8589934592,8476889088
Fri Feb 27 20:59:29 GMT 2015,26000,55.63817,73363456,8589934592,8516571136
Fri Feb 27 20:59:31 GMT 2015,26000,11.801243,73990144,8589934592,8515944448
Fri Feb 27 20:59:33 GMT 2015,26000,19.551682,69238784,8589934592,8520695808
Fri Feb 27 20:59:35 GMT 2015,26000,26.211178,64118784,8589934592,8525815808
Fri Feb 27 20:59:38 GMT 2015,26000,9.316772,63766528,8589934592,8526168064
Fri Feb 27 20:59:40 GMT 2015,26000,9.600997,65040384,8589934592,8524894208
Fri Feb 27 20:59:42 GMT 2015,26000,35.48387,64466944,8589934592,8525467648
Fri Feb 27 20:59:44 GMT 2015,26000,8.3126545,90005504,8589934592,8499929088
Fri Feb 27 20:59:46 GMT 2015,26000,6.982541,89518080,8589934592,8500416512
Fri Feb 27 20:59:48 GMT 2015,26000,9.32836,89354240,8589934592,8500580352
Fri Feb 27 20:59:50 GMT 2015,26000,31.382317,63918080,8589934592,8526016512
Fri Feb 27 20:59:52 GMT 2015,26000,33.830845,159416320,8589934592,8430518272
Fri Feb 27 20:59:54 GMT 2015,26000,40.22416,151556096,8589934592,8438378496
Fri Feb 27 20:59:56 GMT 2015,26000,44.78908,145694720,8589934592,8444239872
Fri Feb 27 20:59:58 GMT 2015,26000,15.875,139640832,8589934592,8450293760
Fri Feb 27 21:00:00 GMT 2015,26000,8.4472065,141393920,8589934592,8448540672
Fri Feb 27 21:00:02 GMT 2015,26000,9.70149,140959744,8589934592,8448974848
Fri Feb 27 21:00:04 GMT 2015,26000,33.333332,139866112,8589934592,8450068480
Fri Feb 27 21:00:06 GMT 2015,26000,56.467663,128360448,8589934592,8461574144
Fri Feb 27 21:00:08 GMT 2015,26000,32.587063,126758912,8589934592,8463175680
Fri Feb 27 21:00:10 GMT 2015,26000,35.945274,114507776,8589934592,8475426816
Fri Feb 27 21:00:12 GMT 2015,26000,33.78882,105373696,8589934592,8484560896
Fri Feb 27 21:00:14 GMT 2015,26000,8.603489,104935424,8589934592,8484999168
Fri Feb 27 21:00:16 GMT 2015,26000,12.546581,104374272,8589934592,8485560320
Fri Feb 27 21:00:18 GMT 2015,26000,29.689444,86495232,8589934592,8503439360
Fri Feb 27 21:00:20 GMT 2015,26000,52.684147,66461696,8589934592,8523472896
Fri Feb 27 21:00:22 GMT 2015,26000,34.658386,93331456,8589934592,8496603136
Fri Feb 27 21:00:24 GMT 2015,26000,30.798006,87994368,8589934592,8501940224
Fri Feb 27 21:00:26 GMT 2015,26000,41.770573,62615552,8589934592,8527319040
Fri Feb 27 21:00:28 GMT 2015,26000,54.477608,151502848,8589934592,8438431744
Fri Feb 27 21:00:30 GMT 2015,26000,17.43462,138694656,8589934592,8451239936
Fri Feb 27 21:00:32 GMT 2015,26000,30.931675,130916352,8589934592,8459018240
Fri Feb 27 21:00:34 GMT 2015,26000,75.75,103841792,8589934592,8486092800
Fri Feb 27 21:00:36 GMT 2015,26000,35.45568,95313920,8589934592,8494620672
Fri Feb 27 21:00:38 GMT 2015,26000,51.36138,93401088,8589934592,8496533504
Fri Feb 27 21:00:40 GMT 2015,26000,23.124998,92057600,8589934592,8497876992
Fri Feb 27 21:00:42 GMT 2015,26000,32.670807,89640960,8589934592,8500293632
Fri Feb 27 21:00:44 GMT 2015,26000,44.168736,90562560,8589934592,8499372032
Fri Feb 27 21:00:46 GMT 2015,26000,46.086956,89616384,8589934592,8500318208
Fri Feb 27 21:00:48 GMT 2015,26000,34.328358,109080576,8589934592,8480854016
Fri Feb 27 21:00:50 GMT 2015,26000,28.339577,106311680,8589934592,8483622912
Fri Feb 27 21:00:52 GMT 2015,26000,22.48447,105861120,8589934592,8484073472
Fri Feb 27 21:00:54 GMT 2015,26000,30.223883,104501248,8589934592,8485433344
Fri Feb 27 21:00:56 GMT 2015,26000,25.373137,104013824,8589934592,8485920768
Fri Feb 27 21:00:58 GMT 2015,26000,22.857141,101470208,8589934592,8488464384
Fri Feb 27 21:01:00 GMT 2015,26000,25.746267,48181248,8589934592,8541753344
Fri Feb 27 21:01:02 GMT 2015,26000,30.76923,68964352,8589934592,8520970240
Fri Feb 27 21:01:04 GMT 2015,26000,28.304237,72044544,8589934592,8517890048
Fri Feb 27 21:01:06 GMT 2015,26000,39.726025,72798208,8589934592,8517136384
Fri Feb 27 21:01:08 GMT 2015,26000,31.559408,73031680,8589934592,8516902912
Fri Feb 27 21:01:10 GMT 2015,26000,20.94763,73474048,8589934592,8516460544
Fri Feb 27 21:01:12 GMT 2015,26000,21.739132,72880128,8589934592,8517054464
Fri Feb 27 21:01:14 GMT 2015,26000,19.97503,73420800,8589934592,8516513792
Fri Feb 27 21:01:16 GMT 2015,26000,30.931675,74076160,8589934592,8515858432
Fri Feb 27 21:01:18 GMT 2015,26000,24.502485,73211904,8589934592,8516722688
Fri Feb 27 21:01:20 GMT 2015,26000,25.248755,71872512,8589934592,8518062080
Fri Feb 27 21:01:22 GMT 2015,26000,50.49751,70660096,8589934592,8519274496
Fri Feb 27 21:01:24 GMT 2015,26000,65.006226,57319424,8589934592,8532615168
Fri Feb 27 21:01:26 GMT 2015,26000,67.45342,60276736,8589934592,8529657856
Fri Feb 27 21:01:28 GMT 2015,26000,49.44238,77373440,8589934592,8512561152
Fri Feb 27 21:01:30 GMT 2015,26000,28.14446,79097856,8589934592,8510836736
Fri Feb 27 21:01:32 GMT 2015,26000,28.76712,81375232,8589934592,8508559360
Fri Feb 27 21:01:34 GMT 2015,26000,31.0,80474112,8589934592,8509460480
Fri Feb 27 21:01:36 GMT 2015,26000,26.211178,81485824,8589934592,8508448768
Fri Feb 27 21:01:38 GMT 2015,26000,22.38806,80146432,8589934592,8509788160
Fri Feb 27 21:01:40 GMT 2015,26000,28.019922,97746944,8589934592,8492187648
Fri Feb 27 21:01:42 GMT 2015,26000,23.229813,98402304,8589934592,8491532288
Fri Feb 27 21:01:44 GMT 2015,26000,25.404734,96235520,8589934592,8493699072
Fri Feb 27 21:01:46 GMT 2015,26000,19.57869,95649792,8589934592,8494284800
Fri Feb 27 21:01:48 GMT 2015,26000,21.17061,95068160,8589934592,8494866432
Fri Feb 27 21:01:50 GMT 2015,26000,24.287487,94953472,8589934592,8494981120
Fri Feb 27 21:01:52 GMT 2015,26000,23.970037,91459584,8589934592,8498475008
Fri Feb 27 21:01:54 GMT 2015,26000,19.899876,90816512,8589934592,8499118080
Fri Feb 27 21:01:56 GMT 2015,26000,24.223602,91156480,8589934592,8498778112
Fri Feb 27 21:01:58 GMT 2015,26000,25.341612,86855680,8589934592,8503078912
Fri Feb 27 21:02:00 GMT 2015,26000,21.793276,85110784,8589934592,8504823808
Fri Feb 27 21:02:02 GMT 2015,26000,19.700748,84324352,8589934592,8505610240
Fri Feb 27 21:02:04 GMT 2015,26000,23.631842,84205568,8589934592,8505729024
Fri Feb 27 21:02:06 GMT 2015,26000,24.441689,85032960,8589934592,8504901632
Fri Feb 27 21:02:08 GMT 2015,26000,22.693264,96444416,8589934592,8493490176
Fri Feb 27 21:02:10 GMT 2015,26000,23.172241,97386496,8589934592,8492548096
Fri Feb 27 21:02:12 GMT 2015,26000,21.863354,116686848,8589934592,8473247744
Fri Feb 27 21:02:14 GMT 2015,26000,22.596752,117080064,8589934592,8472854528
Fri Feb 27 21:02:16 GMT 2015,26000,23.514849,106930176,8589934592,8483004416
Fri Feb 27 21:02:18 GMT 2015,26000,19.02985,104783872,8589934592,8485150720
Fri Feb 27 21:02:20 GMT 2015,26000,20.025032,118099968,8589934592,8471834624
Fri Feb 27 21:02:22 GMT 2015,26000,22.263681,118333440,8589934592,8471601152
Fri Feb 27 21:02:24 GMT 2015,26000,22.828781,117903360,8589934592,8472031232
Fri Feb 27 21:02:26 GMT 2015,26000,24.844719,112115712,8589934592,8477818880
Fri Feb 27 21:02:28 GMT 2015,26000,21.144278,111718400,8589934592,8478216192
Fri Feb 27 21:02:30 GMT 2015,26000,19.602978,109842432,8589934592,8480092160
Fri Feb 27 21:02:32 GMT 2015,26000,23.316711,109973504,8589934592,8479961088
Fri Feb 27 21:02:34 GMT 2015,26000,23.29616,105738240,8589934592,8484196352
Fri Feb 27 21:02:36 GMT 2015,26000,22.636818,103456768,8589934592,8486477824
Fri Feb 27 21:02:38 GMT 2015,26000,20.347393,101933056,8589934592,8488001536
Fri Feb 27 21:02:40 GMT 2015,26000,20.646769,108072960,8589934592,8481861632
Fri Feb 27 21:02:42 GMT 2015,26000,34.53416,107261952,8589934592,8482672640
Fri Feb 27 21:02:44 GMT 2015,26000,36.986305,126070784,8589934592,8463863808
Fri Feb 27 21:02:46 GMT 2015,26000,39.578163,89681920,8589934592,8500252672
Fri Feb 27 21:02:48 GMT 2015,26000,71.76617,106377216,8589934592,8483557376
Fri Feb 27 21:02:50 GMT 2015,26000,77.73632,89526272,8589934592,8500408320
Fri Feb 27 21:02:52 GMT 2015,26000,81.716415,129564672,8589934592,8460369920
Fri Feb 27 21:02:54 GMT 2015,26000,70.28715,159154176,8589934592,8430780416
Fri Feb 27 21:02:56 GMT 2015,26000,90.06211,127557632,8589934592,8462376960
Fri Feb 27 21:02:58 GMT 2015,26000,80.35043,114159616,8589934592,8475774976
Fri Feb 27 21:03:00 GMT 2015,26000,41.5212,40693760,8589934592,8549240832
Fri Feb 27 21:03:02 GMT 2015,26000,42.394012,49016832,8589934592,8540917760
Fri Feb 27 21:03:04 GMT 2015,26000,53.482586,18690048,8589934592,8571244544
Fri Feb 27 21:03:06 GMT 2015,26000,48.75,24395776,8589934592,8565538816
Fri Feb 27 21:03:09 GMT 2015,26000,29.98761,72957952,8589934592,8516976640
Fri Feb 27 21:03:11 GMT 2015,26000,43.21295,29163520,8589934592,8560771072
Fri Feb 27 21:03:13 GMT 2015,26000,57.142853,90062848,8589934592,8499871744
Fri Feb 27 21:03:15 GMT 2015,26000,56.079407,90439680,8589934592,8499494912
Fri Feb 27 21:03:17 GMT 2015,26000,55.59702,126238720,8589934592,8463695872
Fri Feb 27 21:03:19 GMT 2015,26000,48.443336,126951424,8589934592,8462983168
Fri Feb 27 21:03:21 GMT 2015,26000,50.062107,127512576,8589934592,8462422016
Fri Feb 27 21:03:23 GMT 2015,26000,52.309616,67977216,8589934592,8521957376
Fri Feb 27 21:03:25 GMT 2015,26000,42.76885,67760128,8589934592,8522174464
Fri Feb 27 21:03:27 GMT 2015,26000,47.27047,67731456,8589934592,8522203136
Fri Feb 27 21:03:29 GMT 2015,26000,40.422886,67649536,8589934592,8522285056
Fri Feb 27 21:03:31 GMT 2015,26000,41.293533,66220032,8589934592,8523714560
Fri Feb 27 21:03:33 GMT 2015,26000,40.124226,66191360,8589934592,8523743232
Fri Feb 27 21:03:35 GMT 2015,26000,42.627014,59867136,8589934592,8530067456
Fri Feb 27 21:03:37 GMT 2015,26000,36.86177,57405440,8589934592,8532529152
Fri Feb 27 21:03:39 GMT 2015,26000,44.59627,58130432,8589934592,8531804160
Fri Feb 27 21:03:41 GMT 2015,26000,48.938828,86630400,8589934592,8503304192
Fri Feb 27 21:03:43 GMT 2015,26000,50.43371,85487616,8589934592,8504446976
Fri Feb 27 21:03:45 GMT 2015,26000,52.369076,56975360,8589934592,8532959232
Fri Feb 27 21:03:47 GMT 2015,26000,57.196033,66269184,8589934592,8523665408
Fri Feb 27 21:03:49 GMT 2015,26000,60.52304,66211840,8589934592,8523722752
Fri Feb 27 21:03:51 GMT 2015,26000,58.136642,58294272,8589934592,8531640320
Fri Feb 27 21:03:53 GMT 2015,26000,65.62889,50610176,8589934592,8539324416
Fri Feb 27 21:03:55 GMT 2015,26000,49.5,50077696,8589934592,8539856896
Fri Feb 27 21:03:57 GMT 2015,26000,47.27047,50495488,8589934592,8539439104
Fri Feb 27 21:03:59 GMT 2015,26000,42.183624,49762304,8589934592,8540172288
Fri Feb 27 21:04:01 GMT 2015,26000,32.503117,47857664,8589934592,8542076928
Fri Feb 27 21:04:03 GMT 2015,26000,32.094173,48189440,8589934592,8541745152
Fri Feb 27 21:04:05 GMT 2015,26000,32.91925,48566272,8589934592,8541368320
Fri Feb 27 21:04:07 GMT 2015,26000,42.322098,45977600,8589934592,8543956992
Fri Feb 27 21:04:09 GMT 2015,26000,46.326275,23302144,8589934592,8566632448
Fri Feb 27 21:04:11 GMT 2015,26000,35.652172,23519232,8589934592,8566415360
Fri Feb 27 21:04:13 GMT 2015,26000,55.985035,46444544,8589934592,8543490048
Fri Feb 27 21:04:15 GMT 2015,26000,29.244114,46657536,8589934592,8543277056
Fri Feb 27 21:04:17 GMT 2015,26000,37.93532,50393088,8589934592,8539541504
Fri Feb 27 21:04:19 GMT 2015,26000,31.795513,48926720,8589934592,8541007872
Fri Feb 27 21:04:21 GMT 2015,26000,33.250313,47407104,8589934592,8542527488
Fri Feb 27 21:04:23 GMT 2015,26000,22.857141,74973184,8589934592,8514961408
Fri Feb 27 21:04:25 GMT 2015,26000,27.985073,73834496,8589934592,8516100096
Fri Feb 27 21:04:27 GMT 2015,26000,26.558601,50184192,8589934592,8539750400
Fri Feb 27 21:04:29 GMT 2015,26000,21.446383,51163136,8589934592,8538771456
Fri Feb 27 21:04:31 GMT 2015,26000,35.785538,46256128,8589934592,8543678464
Fri Feb 27 21:04:33 GMT 2015,26000,29.265255,74354688,8589934592,8515579904
Fri Feb 27 21:04:35 GMT 2015,26000,25.468164,74043392,8589934592,8515891200
Fri Feb 27 21:04:37 GMT 2015,26000,33.333332,73441280,8589934592,8516493312
Fri Feb 27 21:04:39 GMT 2015,26000,18.181818,74129408,8589934592,8515805184
Fri Feb 27 21:04:41 GMT 2015,26000,15.815693,74477568,8589934592,8515457024
Fri Feb 27 21:04:43 GMT 2015,26000,18.440592,74891264,8589934592,8515043328
Fri Feb 27 21:04:45 GMT 2015,26000,32.503117,71442432,8589934592,8518492160
Fri Feb 27 21:04:47 GMT 2015,26000,45.56804,63606784,8589934592,8526327808
Fri Feb 27 21:04:49 GMT 2015,26000,48.756218,87375872,8589934592,8502558720
Fri Feb 27 21:04:51 GMT 2015,26000,64.51613,153362432,8589934592,8436572160
Fri Feb 27 21:04:53 GMT 2015,26000,44.818974,134832128,8589934592,8455102464
Fri Feb 27 21:04:55 GMT 2015,26000,57.60598,65761280,8589934592,8524173312
Fri Feb 27 21:04:57 GMT 2015,26000,35.36737,101105664,8589934592,8488828928
Fri Feb 27 21:04:59 GMT 2015,26000,14.498138,98004992,8589934592,8491929600
Fri Feb 27 21:05:01 GMT 2015,26000,15.776396,101511168,8589934592,8488423424
Fri Feb 27 21:05:03 GMT 2015,26000,31.133253,96407552,8589934592,8493527040
Fri Feb 27 21:05:05 GMT 2015,26000,34.246574,97357824,8589934592,8492576768
Fri Feb 27 21:05:07 GMT 2015,26000,20.869564,117202944,8589934592,8472731648
Fri Feb 27 21:05:09 GMT 2015,26000,23.134327,116109312,8589934592,8473825280
Fri Feb 27 21:05:11 GMT 2015,26000,29.440992,116359168,8589934592,8473575424
Fri Feb 27 21:05:13 GMT 2015,26000,26.525528,114753536,8589934592,8475181056
Fri Feb 27 21:05:15 GMT 2015,26000,15.031057,114487296,8589934592,8475447296
Fri Feb 27 21:05:17 GMT 2015,26000,9.577113,112996352,8589934592,8476938240
Fri Feb 27 21:05:19 GMT 2015,26000,9.950251,113471488,8589934592,8476463104
Fri Feb 27 21:05:21 GMT 2015,26000,9.192544,122056704,8589934592,8467877888
Fri Feb 27 21:05:23 GMT 2015,26000,8.322984,121249792,8589934592,8468684800
Fri Feb 27 21:05:25 GMT 2015,26000,15.470296,120811520,8589934592,8469123072
Fri Feb 27 21:05:27 GMT 2015,26000,9.725684,121319424,8589934592,8468615168
Fri Feb 27 21:05:29 GMT 2015,26000,12.935323,121315328,8589934592,8468619264
Fri Feb 27 21:05:31 GMT 2015,26000,8.550185,120549376,8589934592,8469385216
Fri Feb 27 21:05:33 GMT 2015,26000,8.3959875,120061952,8589934592,8469872640
Fri Feb 27 21:05:35 GMT 2015,26000,16.60471,121761792,8589934592,8468172800
Fri Feb 27 21:05:37 GMT 2015,26000,11.457038,120467456,8589934592,8469467136
Fri Feb 27 21:05:39 GMT 2015,26000,12.234706,119697408,8589934592,8470237184
Fri Feb 27 21:05:41 GMT 2015,26000,10.447759,120053760,8589934592,8469880832
Fri Feb 27 21:05:43 GMT 2015,26000,13.13507,120840192,8589934592,8469094400
Fri Feb 27 21:05:45 GMT 2015,26000,9.102243,119992320,8589934592,8469942272
Fri Feb 27 21:05:47 GMT 2015,26000,11.786598,118112256,8589934592,8471822336
Fri Feb 27 21:05:49 GMT 2015,26000,11.207968,118808576,8589934592,8471126016
Fri Feb 27 21:05:51 GMT 2015,26000,11.194033,118231040,8589934592,8471703552
Fri Feb 27 21:05:53 GMT 2015,26000,9.825873,115974144,8589934592,8473960448
Fri Feb 27 21:05:55 GMT 2015,26000,7.3474464,117342208,8589934592,8472592384
Fri Feb 27 21:05:57 GMT 2015,26000,7.8163743,117366784,8589934592,8472567808
Fri Feb 27 21:05:59 GMT 2015,26000,21.9603,116629504,8589934592,8473305088
Fri Feb 27 21:06:01 GMT 2015,26000,22.971285,140279808,8589934592,8449654784
Fri Feb 27 21:06:03 GMT 2015,26000,22.194517,130535424,8589934592,8459399168
Fri Feb 27 21:06:05 GMT 2015,26000,22.347069,127832064,8589934592,8462102528
Fri Feb 27 21:06:07 GMT 2015,26000,18.012423,125669376,8589934592,8464265216
Fri Feb 27 21:06:09 GMT 2015,26000,24.163568,105410560,8589934592,8484524032
Fri Feb 27 21:06:11 GMT 2015,26000,20.672476,108613632,8589934592,8481320960
Fri Feb 27 21:06:13 GMT 2015,26000,11.801243,109072384,8589934592,8480862208
Fri Feb 27 21:06:15 GMT 2015,26000,16.853935,111591424,8589934592,8478343168
Fri Feb 27 21:06:17 GMT 2015,26000,11.442786,109654016,8589934592,8480280576
Fri Feb 27 21:06:19 GMT 2015,26000,12.158812,109879296,8589934592,8480055296
Fri Feb 27 21:06:21 GMT 2015,26000,12.282878,110473216,8589934592,8479461376
Fri Feb 27 21:06:23 GMT 2015,26000,14.676619,109240320,8589934592,8480694272
Fri Feb 27 21:06:25 GMT 2015,26000,6.600249,111001600,8589934592,8478932992
Fri Feb 27 21:06:27 GMT 2015,26000,15.652174,106688512,8589934592,8483246080
Fri Feb 27 21:06:30 GMT 2015,26000,10.572142,110153728,8589934592,8479780864
Fri Feb 27 21:06:32 GMT 2015,26000,15.566624,116158464,8589934592,8473776128
Fri Feb 27 21:06:34 GMT 2015,26000,11.706102,116166656,8589934592,8473767936
Fri Feb 27 21:06:36 GMT 2015,26000,15.384615,116875264,8589934592,8473059328
Fri Feb 27 21:06:38 GMT 2015,26000,9.925556,116289536,8589934592,8473645056
Fri Feb 27 21:06:40 GMT 2015,26000,8.603489,114384896,8589934592,8475549696
Fri Feb 27 21:06:42 GMT 2015,26000,6.3354015,115539968,8589934592,8474394624
Fri Feb 27 21:06:44 GMT 2015,26000,7.0807457,114671616,8589934592,8475262976
Fri Feb 27 21:06:46 GMT 2015,26000,7.596511,114880512,8589934592,8475054080
Fri Feb 27 21:06:48 GMT 2015,26000,27.10396,115195904,8589934592,8474738688
Fri Feb 27 21:06:50 GMT 2015,26000,15.83541,112209920,8589934592,8477724672
Fri Feb 27 21:06:52 GMT 2015,26000,10.29777,113430528,8589934592,8476504064
Fri Feb 27 21:06:54 GMT 2015,26000,16.936487,112898048,8589934592,8477036544
Fri Feb 27 21:06:56 GMT 2015,26000,19.23077,111198208,8589934592,8478736384
Fri Feb 27 21:06:58 GMT 2015,26000,50.49628,85520384,8589934592,8504414208
Fri Feb 27 21:07:00 GMT 2015,26000,59.425716,120651776,8589934592,8469282816
Fri Feb 27 21:07:02 GMT 2015,26000,55.472637,87977984,8589934592,8501956608
Fri Feb 27 21:07:04 GMT 2015,26000,34.739452,123060224,8589934592,8466874368
Fri Feb 27 21:07:06 GMT 2015,26000,31.474596,122671104,8589934592,8467263488
Fri Feb 27 21:07:08 GMT 2015,26000,27.930176,124416000,8589934592,8465518592
Fri Feb 27 21:07:10 GMT 2015,26000,25.46584,90697728,8589934592,8499236864
Fri Feb 27 21:07:12 GMT 2015,26000,17.763973,112947200,8589934592,8476987392
Fri Feb 27 21:07:14 GMT 2015,26000,18.976276,112599040,8589934592,8477335552
Fri Feb 27 21:07:16 GMT 2015,26000,53.40768,134217728,8589934592,8455716864
Fri Feb 27 21:07:18 GMT 2015,26000,74.78261,103288832,8589934592,8486645760
Fri Feb 27 21:07:20 GMT 2015,26000,73.69077,86429696,8589934592,8503504896
Fri Feb 27 21:07:22 GMT 2015,26000,46.52606,83517440,8589934592,8506417152
Fri Feb 27 21:07:24 GMT 2015,26000,12.124997,79618048,8589934592,8510316544
Fri Feb 27 21:07:26 GMT 2015,26000,10.29777,78430208,8589934592,8511504384
Fri Feb 27 21:07:28 GMT 2015,26000,6.1097264,78106624,8589934592,8511827968
Fri Feb 27 21:07:30 GMT 2015,26000,6.592041,76533760,8589934592,8513400832
Fri Feb 27 21:07:32 GMT 2015,26000,20.57001,76570624,8589934592,8513363968
Fri Feb 27 21:07:34 GMT 2015,26000,6.857854,76410880,8589934592,8513523712
Fri Feb 27 21:07:36 GMT 2015,26000,5.19802,75968512,8589934592,8513966080
Fri Feb 27 21:07:38 GMT 2015,26000,4.364091,76713984,8589934592,8513220608
Fri Feb 27 21:07:40 GMT 2015,26000,6.947893,77369344,8589934592,8512565248
Fri Feb 27 21:07:42 GMT 2015,26000,6.4837933,75743232,8589934592,8514191360
Fri Feb 27 21:07:44 GMT 2015,26000,8.084578,75636736,8589934592,8514297856
Fri Feb 27 21:07:46 GMT 2015,26000,9.7135725,75362304,8589934592,8514572288
Fri Feb 27 21:07:48 GMT 2015,26000,5.124998,74661888,8589934592,8515272704
Fri Feb 27 21:07:50 GMT 2015,26000,18.982632,57110528,8589934592,8532824064
Fri Feb 27 21:07:52 GMT 2015,26000,33.582092,167907328,8589934592,8422027264
Fri Feb 27 21:07:54 GMT 2015,26000,26.99005,168771584,8589934592,8421163008
Fri Feb 27 21:07:56 GMT 2015,26000,35.447758,161591296,8589934592,8428343296
Fri Feb 27 21:07:58 GMT 2015,26000,20.124222,162361344,8589934592,8427573248
Fri Feb 27 21:08:00 GMT 2015,26000,25.248755,143896576,8589934592,8446038016
Fri Feb 27 21:08:02 GMT 2015,26000,40.699123,258969600,8589934592,8330964992
Fri Feb 27 21:08:04 GMT 2015,26000,11.374998,267046912,8589934592,8322887680
Fri Feb 27 21:08:06 GMT 2015,26000,7.596511,265244672,8589934592,8324689920
Fri Feb 27 21:08:08 GMT 2015,26000,29.813665,264671232,8589934592,8325263360
Fri Feb 27 21:08:10 GMT 2015,26000,37.096775,257953792,8589934592,8331980800
Fri Feb 27 21:08:12 GMT 2015,26000,18.159204,251719680,8589934592,8338214912
Fri Feb 27 21:08:14 GMT 2015,26000,78.90819,183058432,8589934592,8406876160
Fri Feb 27 21:08:16 GMT 2015,26000,44.389027,152350720,8589934592,8437583872
Fri Feb 27 21:08:18 GMT 2015,26000,34.03727,173719552,8589934592,8416215040
Fri Feb 27 21:08:20 GMT 2015,26000,70.77115,162840576,8589934592,8427094016
Fri Feb 27 21:08:22 GMT 2015,26000,74.40699,77221888,8589934592,8512712704
Fri Feb 27 21:08:24 GMT 2015,26000,69.36488,52891648,8589934592,8537042944
Fri Feb 27 21:08:26 GMT 2015,26000,53.300125,17399808,8589934592,8572534784
Fri Feb 27 21:08:28 GMT 2015,26000,55.472637,20475904,8589934592,8569458688
Fri Feb 27 21:08:30 GMT 2015,26000,48.134327,19873792,8589934592,8570060800
Fri Feb 27 21:08:32 GMT 2015,26000,70.50001,20144128,8589934592,8569790464
Fri Feb 27 21:08:34 GMT 2015,26000,66.666664,57389056,8589934592,8532545536
Fri Feb 27 21:08:36 GMT 2015,26000,58.875,35516416,8589934592,8554418176
Fri Feb 27 21:08:38 GMT 2015,26000,49.625935,52064256,8589934592,8537870336
Fri Feb 27 21:08:40 GMT 2015,26000,50.49628,65708032,8589934592,8524226560
Fri Feb 27 21:08:42 GMT 2015,26000,53.233833,64524288,8589934592,8525410304
Fri Feb 27 21:08:44 GMT 2015,26000,37.639748,62533632,8589934592,8527400960
Fri Feb 27 21:08:46 GMT 2015,26000,46.344482,67264512,8589934592,8522670080
Fri Feb 27 21:08:48 GMT 2015,26000,35.037403,68079616,8589934592,8521854976
Fri Feb 27 21:08:50 GMT 2015,26000,39.254658,83361792,8589934592,8506572800
Fri Feb 27 21:08:52 GMT 2015,26000,34.285713,89636864,8589934592,8500297728
Fri Feb 27 21:08:54 GMT 2015,26000,31.637716,90460160,8589934592,8499474432
Fri Feb 27 21:08:56 GMT 2015,26000,33.706467,89231360,8589934592,8500703232
Fri Feb 27 21:08:58 GMT 2015,26000,18.679953,89137152,8589934592,8500797440
Fri Feb 27 21:09:00 GMT 2015,26000,23.821342,87228416,8589934592,8502706176
Fri Feb 27 21:09:02 GMT 2015,26000,42.874844,49934336,8589934592,8540000256
Fri Feb 27 21:09:04 GMT 2015,26000,57.446808,120786944,8589934592,8469147648
Fri Feb 27 21:09:06 GMT 2015,26000,48.443336,118358016,8589934592,8471576576
Fri Feb 27 21:09:08 GMT 2015,26000,48.019802,119418880,8589934592,8470515712
Fri Feb 27 21:09:10 GMT 2015,26000,44.223602,116719616,8589934592,8473214976
Fri Feb 27 21:09:12 GMT 2015,26000,45.330013,117317632,8589934592,8472616960
Fri Feb 27 21:09:14 GMT 2015,26000,49.00498,116604928,8589934592,8473329664
Fri Feb 27 21:09:16 GMT 2015,26000,47.32254,116506624,8589934592,8473427968
Fri Feb 27 21:09:18 GMT 2015,26000,47.571606,113639424,8589934592,8476295168
Fri Feb 27 21:09:20 GMT 2015,26000,50.248753,112848896,8589934592,8477085696
Fri Feb 27 21:09:22 GMT 2015,26000,48.63184,112091136,8589934592,8477843456
Fri Feb 27 21:09:24 GMT 2015,26000,53.913044,110825472,8589934592,8479109120
Fri Feb 27 21:09:26 GMT 2015,26000,53.970222,108843008,8589934592,8481091584
Fri Feb 27 21:09:28 GMT 2015,26000,43.12268,108220416,8589934592,8481714176
Fri Feb 27 21:09:30 GMT 2015,26000,48.383087,106795008,8589934592,8483139584
Fri Feb 27 21:09:32 GMT 2015,26000,42.786068,105476096,8589934592,8484458496
Fri Feb 27 21:09:34 GMT 2015,26000,44.09938,109453312,8589934592,8480481280
Fri Feb 27 21:09:36 GMT 2015,26000,40.846825,108781568,8589934592,8481153024
Fri Feb 27 21:09:38 GMT 2015,26000,46.07721,107962368,8589934592,8481972224
Fri Feb 27 21:09:40 GMT 2015,26000,44.168736,107155456,8589934592,8482779136
Fri Feb 27 21:09:42 GMT 2015,26000,46.82441,106803200,8589934592,8483131392
Fri Feb 27 21:09:44 GMT 2015,26000,43.548386,107257856,8589934592,8482676736
Fri Feb 27 21:09:47 GMT 2015,26000,46.144276,107184128,8589934592,8482750464
Fri Feb 27 21:09:49 GMT 2015,26000,65.29851,106934272,8589934592,8483000320
Fri Feb 27 21:09:51 GMT 2015,26000,73.41615,115122176,8589934592,8474812416
Fri Feb 27 21:09:53 GMT 2015,26000,57.267082,114393088,8589934592,8475541504
Fri Feb 27 21:09:55 GMT 2015,26000,57.835815,113844224,8589934592,8476090368
Fri Feb 27 21:09:57 GMT 2015,26000,68.36228,113225728,8589934592,8476708864
Fri Feb 27 21:09:59 GMT 2015,26000,76.24378,113115136,8589934592,8476819456
Fri Feb 27 21:10:01 GMT 2015,26000,17.955112,113123328,8589934592,8476811264
Fri Feb 27 21:10:03 GMT 2015,26000,9.181142,85581824,8589934592,8504352768
Fri Feb 27 21:10:05 GMT 2015,26000,11.706102,86564864,8589934592,8503369728
Fri Feb 27 21:10:07 GMT 2015,26000,33.333332,158564352,8589934592,8431370240
Fri Feb 27 21:10:09 GMT 2015,26000,66.04477,95121408,8589934592,8494813184
Fri Feb 27 21:10:11 GMT 2015,26000,71.6792,115814400,8589934592,8474120192
Fri Feb 27 21:10:13 GMT 2015,26000,26.732672,109064192,8589934592,8480870400
Fri Feb 27 21:10:15 GMT 2015,26000,9.316772,105648128,8589934592,8484286464
Fri Feb 27 21:10:17 GMT 2015,26000,40.648376,97542144,8589934592,8492392448
Fri Feb 27 21:10:19 GMT 2015,26000,25.062037,81805312,8589934592,8508129280
Fri Feb 27 21:10:21 GMT 2015,26000,22.456573,113332224,8589934592,8476602368
Fri Feb 27 21:10:23 GMT 2015,26000,11.471319,113852416,8589934592,8476082176
Fri Feb 27 21:10:25 GMT 2015,26000,9.293681,112443392,8589934592,8477491200
Fri Feb 27 21:10:27 GMT 2015,26000,9.226931,133062656,8589934592,8456871936
Fri Feb 27 21:10:29 GMT 2015,26000,8.343708,134303744,8589934592,8455630848
Fri Feb 27 21:10:31 GMT 2015,26000,18.362284,131895296,8589934592,8458039296
Fri Feb 27 21:10:33 GMT 2015,26000,13.557214,132214784,8589934592,8457719808
Fri Feb 27 21:10:35 GMT 2015,26000,31.506847,115642368,8589934592,8474292224
Fri Feb 27 21:10:37 GMT 2015,26000,11.624998,113799168,8589934592,8476135424
Fri Feb 27 21:10:39 GMT 2015,26000,19.27861,114061312,8589934592,8475873280
Fri Feb 27 21:10:41 GMT 2015,26000,10.087174,115318784,8589934592,8474615808
Fri Feb 27 21:10:43 GMT 2015,26000,10.904587,114470912,8589934592,8475463680
Fri Feb 27 21:10:45 GMT 2015,26000,15.279502,112291840,8589934592,8477642752
Fri Feb 27 21:10:47 GMT 2015,26000,31.008715,99553280,8589934592,8490381312
Fri Feb 27 21:10:49 GMT 2015,26000,22.319204,126148608,8589934592,8463785984
Fri Feb 27 21:10:51 GMT 2015,26000,39.054726,125034496,8589934592,8464900096
Fri Feb 27 21:10:53 GMT 2015,26000,10.545903,131760128,8589934592,8458174464
Fri Feb 27 21:10:55 GMT 2015,26000,5.590063,131932160,8589934592,8458002432
Fri Feb 27 21:10:57 GMT 2015,26000,9.316772,131092480,8589934592,8458842112
Fri Feb 27 21:10:59 GMT 2015,26000,12.686568,132833280,8589934592,8457101312
Fri Feb 27 21:11:01 GMT 2015,26000,15.049749,85606400,8589934592,8504328192
Fri Feb 27 21:11:03 GMT 2015,26000,13.540375,73461760,8589934592,8516472832
Fri Feb 27 21:11:05 GMT 2015,26000,19.27861,96272384,8589934592,8493662208
Fri Feb 27 21:11:07 GMT 2015,26000,10.572142,98406400,8589934592,8491528192
Fri Feb 27 21:11:09 GMT 2015,26000,5.845773,98537472,8589934592,8491397120
Fri Feb 27 21:11:11 GMT 2015,26000,6.3197017,97615872,8589934592,8492318720
Fri Feb 27 21:11:13 GMT 2015,26000,26.492537,93155328,8589934592,8496779264
Fri Feb 27 21:11:15 GMT 2015,26000,38.557213,172400640,8589934592,8417533952
Fri Feb 27 21:11:17 GMT 2015,26000,20.822943,171896832,8589934592,8418037760
Fri Feb 27 21:11:19 GMT 2015,26000,5.3416133,141795328,8589934592,8448139264
Fri Feb 27 21:11:21 GMT 2015,26000,6.390977,175374336,8589934592,8414560256
Fri Feb 27 21:11:23 GMT 2015,26000,5.845773,173281280,8589934592,8416653312
Fri Feb 27 21:11:25 GMT 2015,26000,4.331684,173596672,8589934592,8416337920
Fri Feb 27 21:11:27 GMT 2015,26000,23.316711,161705984,8589934592,8428228608
Fri Feb 27 21:11:29 GMT 2015,26000,64.17911,121810944,8589934592,8468123648
Fri Feb 27 21:11:31 GMT 2015,26000,26.956522,124850176,8589934592,8465084416
Fri Feb 27 21:11:33 GMT 2015,26000,17.412937,123506688,8589934592,8466427904
Fri Feb 27 21:11:35 GMT 2015,26000,19.43069,118939648,8589934592,8470994944
Fri Feb 27 21:11:37 GMT 2015,26000,11.9403,119189504,8589934592,8470745088
Fri Feb 27 21:11:39 GMT 2015,26000,5.977583,119152640,8589934592,8470781952
Fri Feb 27 21:11:41 GMT 2015,26000,20.496893,119525376,8589934592,8470409216
Fri Feb 27 21:11:43 GMT 2015,26000,29.638857,101662720,8589934592,8488271872
Fri Feb 27 21:11:45 GMT 2015,26000,56.203472,227119104,8589934592,8362815488
Fri Feb 27 21:11:47 GMT 2015,26000,35.3598,244105216,8589934592,8345829376
Fri Feb 27 21:11:49 GMT 2015,26000,34.912716,238542848,8589934592,8351391744
Fri Feb 27 21:11:51 GMT 2015,26000,40.47322,238075904,8589934592,8351858688
Fri Feb 27 21:11:53 GMT 2015,26000,23.345816,237498368,8589934592,8352436224
Fri Feb 27 21:11:55 GMT 2015,26000,35.081146,230801408,8589934592,8359133184
Fri Feb 27 21:11:57 GMT 2015,26000,15.29851,231563264,8589934592,8358371328
Fri Feb 27 21:11:59 GMT 2015,26000,32.462685,181121024,8589934592,8408813568
Fri Feb 27 21:12:01 GMT 2015,26000,19.503105,178372608,8589934592,8411561984
Fri Feb 27 21:12:03 GMT 2015,26000,20.599253,178757632,8589934592,8411176960
Fri Feb 27 21:12:05 GMT 2015,26000,20.398008,184881152,8589934592,8405053440
Fri Feb 27 21:12:07 GMT 2015,26000,27.487564,184705024,8589934592,8405229568
Fri Feb 27 21:12:09 GMT 2015,26000,25.434244,183644160,8589934592,8406290432
Fri Feb 27 21:12:11 GMT 2015,26000,24.937653,184090624,8589934592,8405843968
Fri Feb 27 21:12:13 GMT 2015,26000,27.148193,177700864,8589934592,8412233728
Fri Feb 27 21:12:15 GMT 2015,26000,64.169785,164622336,8589934592,8425312256
Fri Feb 27 21:12:17 GMT 2015,26000,41.250004,217804800,8589934592,8372129792
Fri Feb 27 21:12:19 GMT 2015,26000,18.757767,217927680,8589934592,8372006912
Fri Feb 27 21:12:21 GMT 2015,26000,36.114567,219242496,8589934592,8370692096
Fri Feb 27 21:12:23 GMT 2015,26000,64.92537,203661312,8589934592,8386273280
Fri Feb 27 21:12:25 GMT 2015,26000,69.72705,198840320,8589934592,8391094272
Fri Feb 27 21:12:27 GMT 2015,26000,39.254658,204611584,8589934592,8385323008
Fri Feb 27 21:12:29 GMT 2015,26000,30.012453,203448320,8589934592,8386486272
Fri Feb 27 21:12:31 GMT 2015,26000,41.118015,205893632,8589934592,8384040960
Fri Feb 27 21:12:33 GMT 2015,26000,52.114426,239955968,8589934592,8349978624
Fri Feb 27 21:12:35 GMT 2015,26000,48.880596,239341568,8589934592,8350593024
Fri Feb 27 21:12:37 GMT 2015,26000,25.123764,239181824,8589934592,8350752768
Fri Feb 27 21:12:39 GMT 2015,26000,47.815235,222584832,8589934592,8367349760
Fri Feb 27 21:12:41 GMT 2015,26000,56.59204,213688320,8589934592,8376246272
Fri Feb 27 21:12:43 GMT 2015,26000,46.84015,241885184,8589934592,8348049408
Fri Feb 27 21:12:45 GMT 2015,26000,53.759396,240652288,8589934592,8349282304
Fri Feb 27 21:12:47 GMT 2015,26000,65.34161,235450368,8589934592,8354484224
Fri Feb 27 21:12:49 GMT 2015,26000,61.442787,233222144,8589934592,8356712448
Fri Feb 27 21:12:51 GMT 2015,26000,52.992523,233893888,8589934592,8356040704
Fri Feb 27 21:12:53 GMT 2015,26000,50.309025,236605440,8589934592,8353329152
Fri Feb 27 21:12:55 GMT 2015,26000,51.31086,235880448,8589934592,8354054144
Fri Feb 27 21:12:57 GMT 2015,26000,47.08074,235159552,8589934592,8354775040
Fri Feb 27 21:12:59 GMT 2015,26000,54.906834,234024960,8589934592,8355909632
Fri Feb 27 21:13:01 GMT 2015,26000,56.288918,142987264,8589934592,8446947328
Fri Feb 27 21:13:03 GMT 2015,26000,63.3873,128516096,8589934592,8461418496
Fri Feb 27 21:13:05 GMT 2015,26000,64.17911,140955648,8589934592,8448978944
Fri Feb 27 21:13:07 GMT 2015,26000,53.491272,123326464,8589934592,8466608128
Fri Feb 27 21:13:09 GMT 2015,26000,29.689444,123277312,8589934592,8466657280
Fri Feb 27 21:13:12 GMT 2015,26000,34.328358,124313600,8589934592,8465620992
Fri Feb 27 21:13:14 GMT 2015,26000,22.38806,253370368,8589934592,8336564224
Fri Feb 27 21:13:16 GMT 2015,26000,9.316772,221007872,8589934592,8368926720
Fri Feb 27 21:13:18 GMT 2015,26000,20.797009,206655488,8589934592,8383279104
Fri Feb 27 21:13:20 GMT 2015,26000,41.242237,164233216,8589934592,8425701376
Fri Feb 27 21:13:22 GMT 2015,26000,32.044888,163278848,8589934592,8426655744
Fri Feb 27 21:13:24 GMT 2015,26000,21.40175,163192832,8589934592,8426741760
Fri Feb 27 21:13:26 GMT 2015,26000,17.741936,163622912,8589934592,8426311680
Fri Feb 27 21:13:28 GMT 2015,26000,39.054726,159125504,8589934592,8430809088
Fri Feb 27 21:13:30 GMT 2015,26000,21.419674,158900224,8589934592,8431034368
Fri Feb 27 21:13:32 GMT 2015,26000,12.670809,157302784,8589934592,8432631808
Fri Feb 27 21:13:34 GMT 2015,26000,18.851435,156979200,8589934592,8432955392
Fri Feb 27 21:13:36 GMT 2015,26000,24.937653,150040576,8589934592,8439894016
Fri Feb 27 21:13:38 GMT 2015,26000,52.7881,125521920,8589934592,8464412672
Fri Feb 27 21:13:40 GMT 2015,26000,47.32254,143114240,8589934592,8446820352
Fri Feb 27 21:13:42 GMT 2015,26000,34.119106,143224832,8589934592,8446709760
Fri Feb 27 21:13:44 GMT 2015,26000,36.149067,143425536,8589934592,8446509056
Fri Feb 27 21:13:46 GMT 2015,26000,38.557213,138551296,8589934592,8451383296
Fri Feb 27 21:13:48 GMT 2015,26000,28.571426,110948352,8589934592,8478986240
Fri Feb 27 21:13:50 GMT 2015,26000,24.875624,112545792,8589934592,8477388800
Fri Feb 27 21:13:52 GMT 2015,26000,12.903225,112914432,8589934592,8477020160
Fri Feb 27 21:13:54 GMT 2015,26000,18.181818,113348608,8589934592,8476585984
Fri Feb 27 21:13:56 GMT 2015,26000,7.5870633,112582656,8589934592,8477351936
Fri Feb 27 21:13:58 GMT 2015,26000,12.967581,111497216,8589934592,8478437376
Fri Feb 27 21:14:00 GMT 2015,26000,51.42857,166924288,8589934592,8423010304
Fri Feb 27 21:14:02 GMT 2015,26000,58.26087,146051072,8589934592,8443883520
Fri Feb 27 21:14:04 GMT 2015,26000,29.76339,116080640,8589934592,8473853952
Fri Feb 27 21:14:06 GMT 2015,26000,31.506847,82288640,8589934592,8507645952
Fri Feb 27 21:14:08 GMT 2015,26000,63.466335,52711424,8589934592,8537223168
Fri Feb 27 21:14:10 GMT 2015,26000,65.22278,40710144,8589934592,8549224448
Fri Feb 27 21:14:12 GMT 2015,26000,40.149624,26042368,8589934592,8563892224
Fri Feb 27 21:14:14 GMT 2015,26000,23.85093,37576704,8589934592,8552357888
Fri Feb 27 21:14:16 GMT 2015,26000,34.987595,28221440,8589934592,8561713152
Fri Feb 27 21:14:18 GMT 2015,26000,20.223326,26271744,8589934592,8563662848
Fri Feb 27 21:14:20 GMT 2015,26000,20.22472,26460160,8589934592,8563474432
Fri Feb 27 21:14:22 GMT 2015,26000,21.17061,50782208,8589934592,8539152384
Fri Feb 27 21:14:24 GMT 2015,26000,20.423412,47755264,8589934592,8542179328
Fri Feb 27 21:14:26 GMT 2015,26000,32.546585,29790208,8589934592,8560144384
Fri Feb 27 21:14:28 GMT 2015,26000,34.125,19775488,8589934592,8570159104
Fri Feb 27 21:14:30 GMT 2015,26000,8.436728,30670848,8589934592,8559263744
Fri Feb 27 21:14:32 GMT 2015,26000,9.32836,27365376,8589934592,8562569216
